{"type":"FeatureCollection","features":[{"type":"Feature","properties":{"name":"ACS Alaska-Oregon Network (AKORN)","id":"1571"},"geometry":{"type":"MultiLineString","coordinates":[[[-151.2916,60.6899],[-151.7213,60.4611],[-152.2579,59.8056],[-152.0328,59.61],[-151.5442,59.6465]]]}},{"type":"Feature","properties":{"name":"ACS Alaska-Oregon Network (AKORN)","id":"1571"},"geometry":{"type":"MultiLineString","coordinates":[[[-151.2916,60.6899],[-151.2916,60.8484],[-149.8584,61.2176]]]}},{"type":"Feature","properties":{"name":"ACS Alaska-Oregon Network (AKORN)","id":"1571"},"geometry":{"type":"MultiLineString","coordinates":[[[-124.0999,43.9822],[-127.8303,46.8621],[-150.2669,58.807],[-150.7499,58.5225],[-152.3145,59.2464],[-151.5442,59.6465]]]}},{"type":"Feature","properties":{"name":"Aden-Djibouti","id":"1307"},"geometry":{"type":"MultiLineString","coordinates":[[[43.148,11.5948],[45.0336,12.8009]]]}},{"type":"Feature","properties":{"name":"Adria-1","id":"1317"},"geometry":{"type":"MultiLineString","coordinates":[[[19.9196,39.6195],[19.0444,39.9863],[19.0444,40.9084],[19.45,41.3169],[18.3104,41.7406],[18.1065,42.6421]]]}},{"type":"Feature","properties":{"name":"Africa Coast to Europe (ACE)","id":"1629"},"geometry":{"type":"MultiLineString","coordinates":[[[-15.9783,18.0839],[-18.7958,18.0978]]]}},{"type":"Feature","properties":{"name":"Africa Coast to Europe (ACE)","id":"1629"},"geometry":{"type":"MultiLineString","coordinates":[[[6.6593,1.2249],[9.4543,0.3944]]]}},{"type":"Feature","properties":{"name":"Africa Coast to Europe (ACE)","id":"1629"},"geometry":{"type":"MultiLineString","coordinates":[[[6.6543,1.3988],[9.7682,1.8602]]]}},{"type":"Feature","properties":{"name":"Africa Coast to Europe (ACE)","id":"1629"},"geometry":{"type":"MultiLineString","coordinates":[[[6.4988,1.8205],[9.9102,2.9331]]]}},{"type":"Feature","properties":{"name":"Africa Coast to Europe (ACE)","id":"1629"},"geometry":{"type":"MultiLineString","coordinates":[[[3.4235,6.4391],[4.4492,2.361]]]}},{"type":"Feature","properties":{"name":"Africa Coast to Europe (ACE)","id":"1629"},"geometry":{"type":"MultiLineString","coordinates":[[[2.4401,6.3567],[1.9289,2.343]]]}},{"type":"Feature","properties":{"name":"Africa Coast to Europe (ACE)","id":"1629"},"geometry":{"type":"MultiLineString","coordinates":[[[18.422,-33.919],[16.8962,-33.0521],[9.1083,-24.1249],[9.1083,-22.4723],[9.1083,-11.6154],[9.1083,-7.1205],[9.1083,-3.9727],[6.8233,0.5012],[6.5328,0.86],[6.6593,1.2249],[6.6879,1.3076],[6.6543,1.3988],[6.4988,1.8205],[6.3075,2.3391],[1.9289,2.343],[0.5238,2.343],[-3.5081,2.3486],[-4.0262,5.3235],[-4.5707,2.3298],[-10.1684,2.3255],[-12.2218,5.2678],[-14.0343,7.8447],[-14.709,8.7951]]]}},{"type":"Feature","properties":{"name":"Africa Coast to Europe (ACE)","id":"1629"},"geometry":{"type":"MultiLineString","coordinates":[[[9.1083,-22.4723],[14.5334,-22.6854]]]}},{"type":"Feature","properties":{"name":"Africa Coast to Europe (ACE)","id":"1629"},"geometry":{"type":"MultiLineString","coordinates":[[[9.1083,-11.6154],[13.2351,-8.8126]]]}},{"type":"Feature","properties":{"name":"Africa Coast to Europe (ACE)","id":"1629"},"geometry":{"type":"MultiLineString","coordinates":[[[-4.3385,47.811],[-10.1722,45.0335],[-10.1722,38.6843],[-9.1481,38.7239],[-16.5228,28.293],[-16.3067,28.0057],[-18.8135,20.2649],[-18.7781,15.9093],[-17.4457,14.6867],[-18.2196,13.7492],[-14.709,8.7951]]]}},{"type":"Feature","properties":{"name":"Africa Coast to Europe (ACE)","id":"1629"},"geometry":{"type":"MultiLineString","coordinates":[[[-0.2043,5.5583],[0.5238,2.343]]]}},{"type":"Feature","properties":{"name":"Africa Coast to Europe (ACE)","id":"1629"},"geometry":{"type":"MultiLineString","coordinates":[[[-18.2196,13.7492],[-16.5814,13.4562]]]}},{"type":"Feature","properties":{"name":"Africa Coast to Europe (ACE)","id":"1629"},"geometry":{"type":"MultiLineString","coordinates":[[[-10.7972,6.3004],[-12.2218,5.2678]]]}},{"type":"Feature","properties":{"name":"Africa Coast to Europe (ACE)","id":"1629"},"geometry":{"type":"MultiLineString","coordinates":[[[-14.709,8.7951],[-13.7039,9.5135]]]}},{"type":"Feature","properties":{"name":"Africa Coast to Europe (ACE)","id":"1629"},"geometry":{"type":"MultiLineString","coordinates":[[[-13.2381,8.4855],[-14.0343,7.8447]]]}},{"type":"Feature","properties":{"name":"Africa Coast to Europe (ACE)","id":"1629"},"geometry":{"type":"MultiLineString","coordinates":[[[9.1083,-7.1205],[12.35,-5.9334]]]}},{"type":"Feature","properties":{"name":"ALASIA","id":"1606"},"geometry":{"type":"MultiLineString","coordinates":[[[35.8978,34.8917],[35.3374,34.7551],[34.018,34.7369],[33.6106,34.8273]]]}},{"type":"Feature","properties":{"name":"Alaska United East","id":"1168"},"geometry":{"type":"MultiLineString","coordinates":[[[-140.2842,56.1413],[-136.718,58.138],[-136.5253,58.1778],[-136.4218,58.2366],[-136.2803,58.2616],[-136.0587,58.2765],[-135.8456,58.3194],[-135.6721,58.3249],[-135.4741,58.2542],[-135.4246,58.2281],[-135.3118,58.1719],[-135.169,58.1518],[-135.0407,58.1607],[-134.967,58.1978],[-134.9833,58.2898],[-134.9995,58.3558],[-135.0003,58.429],[-134.9233,58.4508],[-134.8432,58.4122],[-134.7605,58.3462],[-134.7014,58.3395],[-134.6032,58.3564],[-134.5422,58.3484],[-134.4068,58.2996]]]}},{"type":"Feature","properties":{"name":"Alaska United East","id":"1168"},"geometry":{"type":"MultiLineString","coordinates":[[[-146.3534,61.1304],[-146.5655,61.1212],[-146.6739,61.0735],[-146.8291,60.9761],[-146.8992,60.8679],[-147.0831,60.8111],[-147.5216,60.7882],[-147.8899,60.7796],[-148.0316,60.7703],[-148.2118,60.7938],[-148.3284,60.7938],[-148.3985,60.7968],[-148.5215,60.7813],[-148.6847,60.773]]]}},{"type":"Feature","properties":{"name":"Alaska United East","id":"1168"},"geometry":{"type":"MultiLineString","coordinates":[[[-148.0647,59.8018],[-147.98,59.8495],[-147.8607,59.9573],[-147.7613,60.0159],[-147.7293,60.1021],[-147.6152,60.2377],[-147.5333,60.3044],[-147.459,60.479],[-147.4769,60.5903],[-147.6337,60.6202],[-147.8644,60.6208],[-148.0361,60.665],[-148.0361,60.6994],[-148.0864,60.7582],[-148.1958,60.7821],[-148.3258,60.781],[-148.4135,60.7862],[-148.5182,60.7722],[-148.6847,60.773]]]}},{"type":"Feature","properties":{"name":"Alaska United East","id":"1168"},"geometry":{"type":"MultiLineString","coordinates":[[[-148.0647,59.8018],[-140.2842,56.1413],[-136.9482,54.4545]]]}},{"type":"Feature","properties":{"name":"Alaska United East","id":"1168"},"geometry":{"type":"MultiLineString","coordinates":[[[-136.9482,54.4545],[-125.8957,48.3382],[-122.9791,48.3381],[-122.3158,47.8241]]]}},{"type":"Feature","properties":{"name":"Alaska United South East","id":"1567"},"geometry":{"type":"MultiLineString","coordinates":[[[-134.5822,57.5019],[-134.7717,57.4256],[-134.8572,57.4159],[-134.9698,57.4304],[-135.0598,57.4498],[-135.1631,57.4974],[-135.3253,57.5637],[-135.4185,57.5837],[-135.5054,57.5686],[-135.5324,57.5492],[-135.5324,57.507],[-135.5297,57.4658],[-135.5723,57.4316],[-135.6169,57.3976],[-135.6524,57.3766],[-135.7029,57.3515],[-135.6847,57.3279],[-135.6201,57.293],[-135.5656,57.2563],[-135.4761,57.1428],[-135.3344,57.053]]]}},{"type":"Feature","properties":{"name":"Alaska United South East","id":"1567"},"geometry":{"type":"MultiLineString","coordinates":[[[-132.9699,56.8078],[-132.9011,56.9134],[-132.9702,56.9833],[-133.0082,57.021],[-133.2329,57.0512],[-133.5164,57.0945],[-133.6858,57.1377],[-133.6581,57.2297],[-133.6305,57.314],[-133.6648,57.373],[-133.6914,57.5588],[-133.8025,57.7078],[-133.8247,57.8237],[-133.9915,57.9864],[-134.1249,58.1013],[-134.1365,58.1651],[-134.2959,58.2371],[-134.4008,58.2996],[-134.5293,58.3484],[-134.5982,58.3484],[-134.6795,58.3342],[-134.7118,58.2917],[-134.6361,58.2129],[-134.7418,58.1282],[-134.8973,58.1072],[-134.8528,58.013],[-134.8028,57.7346],[-134.7528,57.5947],[-134.5822,57.5019]]]}},{"type":"Feature","properties":{"name":"Alaska United South East","id":"1567"},"geometry":{"type":"MultiLineString","coordinates":[[[-136.9482,54.4545],[-134.4665,56.0336],[-134.4154,56.4665],[-134.5247,56.8495],[-134.4575,56.9423],[-134.2853,56.9993],[-134.1838,57.0597],[-134.1009,57.145],[-133.9164,57.2201],[-133.6581,57.2297]]]}},{"type":"Feature","properties":{"name":"Alaska United South East","id":"1567"},"geometry":{"type":"MultiLineString","coordinates":[[[-136.0456,52.4259],[-132.9241,54.5114],[-132.0633,54.4396],[-131.7291,54.7689],[-131.7476,54.9936],[-131.6278,55.1805],[-131.6479,55.342],[-131.8253,55.4343],[-131.9133,55.4662],[-131.9755,55.4521],[-132.1337,55.5267],[-132.276,55.6338],[-132.3435,55.7977],[-132.4515,55.8926],[-132.6135,56.0063],[-132.7418,56.0668],[-132.855,56.127],[-132.8411,56.1905],[-132.7297,56.2329],[-132.626,56.2596],[-132.5972,56.3132],[-132.5919,56.3504],[-132.5198,56.368],[-132.459,56.3862],[-132.3838,56.4707],[-132.4583,56.5592],[-132.502,56.5978],[-132.5693,56.6267],[-132.599,56.69],[-132.6294,56.7297],[-132.6978,56.7788],[-132.7966,56.8194],[-132.9699,56.8078]]]}},{"type":"Feature","properties":{"name":"Alaska United West","id":"1348"},"geometry":{"type":"MultiLineString","coordinates":[[[-149.4477,60.1101],[-149.622,59.1824],[-136.0456,52.4259],[-127.1854,47.3588],[-123.9238,46.1652]]]}},{"type":"Feature","properties":{"name":"ALBA-1","id":"1529"},"geometry":{"type":"MultiLineString","coordinates":[[[-75.4328,18.9471],[-77.1033,18.3987]]]}},{"type":"Feature","properties":{"name":"ALBA-1","id":"1529"},"geometry":{"type":"MultiLineString","coordinates":[[[-75.7124,19.9638],[-75.4328,18.9471]]]}},{"type":"Feature","properties":{"name":"ALBA-1","id":"1529"},"geometry":{"type":"MultiLineString","coordinates":[[[-75.4328,18.9471],[-74.4655,15.3821],[-68.8606,11.7973],[-66.8896,10.6035]]]}},{"type":"Feature","properties":{"name":"Aletar","id":"1319"},"geometry":{"type":"MultiLineString","coordinates":[[[29.8935,31.1915],[35.8978,34.8917]]]}},{"type":"Feature","properties":{"name":"Algeria-Spain","id":"1664"},"geometry":{"type":"MultiLineString","coordinates":[[[-0.3769,39.4597],[0.459,39.1283],[0.513,36.5589],[-0.642,35.7016]]]}},{"type":"Feature","properties":{"name":"Alonso de Ojeda","id":"1289"},"geometry":{"type":"MultiLineString","coordinates":[[[-70.0264,12.5249],[-69.6936,12.0904],[-68.8927,12.0904]]]}},{"type":"Feature","properties":{"name":"ALPAL-2","id":"1234"},"geometry":{"type":"MultiLineString","coordinates":[[[5.7342,36.3117],[2.971,39.3549]]]}},{"type":"Feature","properties":{"name":"America Movil Submarine Cable System-1 (AMX-1)","id":"1686"},"geometry":{"type":"MultiLineString","coordinates":[[[-70.6836,19.8034],[-68.7646,20.2705],[-66.6905,19.4364],[-66.1067,18.4661]]]}},{"type":"Feature","properties":{"name":"America Movil Submarine Cable System-1 (AMX-1)","id":"1686"},"geometry":{"type":"MultiLineString","coordinates":[[[-38.0087,-17.2809],[-38.5911,-19.3091],[-41.6144,-23.1545],[-43.2096,-22.9035]]]}},{"type":"Feature","properties":{"name":"America Movil Submarine Cable System-1 (AMX-1)","id":"1686"},"geometry":{"type":"MultiLineString","coordinates":[[[-38.0087,-17.2809],[-35.7998,-14.3493]]]}},{"type":"Feature","properties":{"name":"America Movil Submarine Cable System-1 (AMX-1)","id":"1686"},"geometry":{"type":"MultiLineString","coordinates":[[[-35.7998,-14.3493],[-33.3209,-11.0126],[-33.3209,-5.0254],[-34.3785,-4.1766],[-38.543,-3.7187]]]}},{"type":"Feature","properties":{"name":"America Movil Submarine Cable System-1 (AMX-1)","id":"1686"},"geometry":{"type":"MultiLineString","coordinates":[[[-81.6557,30.3322],[-73.3343,28.7154],[-69.2179,23.2237],[-59.7271,19.6873],[-52.024,10.581],[-39.1839,-0.0388],[-38.543,-3.7187]]]}},{"type":"Feature","properties":{"name":"America Movil Submarine Cable System-1 (AMX-1)","id":"1686"},"geometry":{"type":"MultiLineString","coordinates":[[[-64.9092,21.629],[-66.1067,18.4661]]]}},{"type":"Feature","properties":{"name":"America Movil Submarine Cable System-1 (AMX-1)","id":"1686"},"geometry":{"type":"MultiLineString","coordinates":[[[-88.5972,15.7273],[-85.2306,19.8887]]]}},{"type":"Feature","properties":{"name":"America Movil Submarine Cable System-1 (AMX-1)","id":"1686"},"geometry":{"type":"MultiLineString","coordinates":[[[-75.5058,10.3868],[-80.5191,15.7201],[-82.2665,16.8478],[-85.8924,20.56],[-85.8924,21.6085],[-83.4063,23.9139],[-81.0059,23.9139],[-79.3899,24.5278],[-80.2265,25.7889]]]}},{"type":"Feature","properties":{"name":"America Movil Submarine Cable System-1 (AMX-1)","id":"1686"},"geometry":{"type":"MultiLineString","coordinates":[[[-69.2179,23.2237],[-70.6912,21.3255],[-72.6459,21.0105],[-73.9447,20.5037],[-75.0129,18.3173],[-74.7798,10.9404]]]}},{"type":"Feature","properties":{"name":"America Movil Submarine Cable System-1 (AMX-1)","id":"1686"},"geometry":{"type":"MultiLineString","coordinates":[[[-86.7676,21.0957],[-85.8924,21.1018]]]}},{"type":"Feature","properties":{"name":"America Movil Submarine Cable System-1 (AMX-1)","id":"1686"},"geometry":{"type":"MultiLineString","coordinates":[[[-38.5045,-12.97],[-35.7998,-14.3493]]]}},{"type":"Feature","properties":{"name":"America Movil Submarine Cable System-1 (AMX-1)","id":"1686"},"geometry":{"type":"MultiLineString","coordinates":[[[-70.6912,19.7994],[-70.6912,21.3255]]]}},{"type":"Feature","properties":{"name":"American Samoa-Hawaii (ASH)","id":"1600"},"geometry":{"type":"MultiLineString","coordinates":[[[-158.1517,21.426],[-170.6957,-14.2766]]]}},{"type":"Feature","properties":{"name":"Americas-I North","id":"1645"},"geometry":{"type":"MultiLineString","coordinates":[[[-64.9371,18.3729],[-74.8808,27.6388],[-80.3943,27.6388]]]}},{"type":"Feature","properties":{"name":"Americas-II","id":"1148"},"geometry":{"type":"MultiLineString","coordinates":[[[-60.1837,14.714],[-60.7862,13.7246],[-65.214,11.4497]]]}},{"type":"Feature","properties":{"name":"Americas-II","id":"1148"},"geometry":{"type":"MultiLineString","coordinates":[[[-58.3104,13.3685],[-60.2933,12.443],[-61.5167,10.6498]]]}},{"type":"Feature","properties":{"name":"Americas-II","id":"1148"},"geometry":{"type":"MultiLineString","coordinates":[[[-38.543,-3.7187],[-39.672,-0.2662],[-50.4077,7.6167],[-58.3104,13.3685]]]}},{"type":"Feature","properties":{"name":"Americas-II","id":"1148"},"geometry":{"type":"MultiLineString","coordinates":[[[-58.3104,13.3685],[-60.1837,14.714]]]}},{"type":"Feature","properties":{"name":"Americas-II","id":"1148"},"geometry":{"type":"MultiLineString","coordinates":[[[-60.1837,14.714],[-60.6763,15.0665]]]}},{"type":"Feature","properties":{"name":"Americas-II","id":"1148"},"geometry":{"type":"MultiLineString","coordinates":[[[-60.6763,15.0665],[-61.0999,15.7241],[-62.181,15.7241],[-64.4949,17.9294],[-64.8166,17.774],[-66.3663,20.1522]]]}},{"type":"Feature","properties":{"name":"Americas-II","id":"1148"},"geometry":{"type":"MultiLineString","coordinates":[[[-61.0942,14.6154],[-61.2563,14.7207],[-61.2563,14.931],[-60.6763,15.0665]]]}},{"type":"Feature","properties":{"name":"Americas-II","id":"1148"},"geometry":{"type":"MultiLineString","coordinates":[[[-66.1067,18.4661],[-66.3663,20.1522]]]}},{"type":"Feature","properties":{"name":"Americas-II","id":"1148"},"geometry":{"type":"MultiLineString","coordinates":[[[-66.8783,10.6064],[-65.214,11.4497]]]}},{"type":"Feature","properties":{"name":"Americas-II","id":"1148"},"geometry":{"type":"MultiLineString","coordinates":[[[-52.321,4.9415],[-50.4077,7.6167]]]}},{"type":"Feature","properties":{"name":"Americas-II","id":"1148"},"geometry":{"type":"MultiLineString","coordinates":[[[-80.1602,26.0106],[-72.8478,29.6716],[-66.3663,20.1522]]]}},{"type":"Feature","properties":{"name":"Americas-II","id":"1148"},"geometry":{"type":"MultiLineString","coordinates":[[[-68.8927,12.0904],[-65.214,11.4497]]]}},{"type":"Feature","properties":{"name":"Antillas 1","id":"1227"},"geometry":{"type":"MultiLineString","coordinates":[[[-69.9833,18.5003],[-69.3351,17.8808],[-68.687,17.8808],[-68.1751,18.3703],[-68.4382,18.6213],[-67.5417,19.1197],[-66.0828,18.4537],[-66.0169,18.4418]]]}},{"type":"Feature","properties":{"name":"APCN-2","id":"1049"},"geometry":{"type":"MultiLineString","coordinates":[[[104.197,1.3158],[103.8951,1.3095]]]}},{"type":"Feature","properties":{"name":"APCN-2","id":"1049"},"geometry":{"type":"MultiLineString","coordinates":[[[128.5829,31.1576],[128.9995,35.1704],[129.5975,30.972]]]}},{"type":"Feature","properties":{"name":"APCN-2","id":"1049"},"geometry":{"type":"MultiLineString","coordinates":[[[114.4378,15.0917],[121.066,13.7624],[113.8095,12.7052]]]}},{"type":"Feature","properties":{"name":"APCN-2","id":"1049"},"geometry":{"type":"MultiLineString","coordinates":[[[113.8095,12.7052],[113.8098,12.7064],[113.8108,12.71],[113.8123,12.7159],[113.8145,12.7241],[113.8172,12.7346],[113.8206,12.7473],[113.8245,12.7623],[113.829,12.7794],[113.8341,12.7988],[113.8397,12.8202],[113.8459,12.8438],[113.8526,12.8694],[113.8599,12.8971],[113.8677,12.9268],[113.876,12.9585],[113.8849,12.9922],[113.8942,13.0278],[113.9041,13.0652],[113.9144,13.1046],[113.9252,13.1458],[113.9366,13.1888],[113.9483,13.2336],[113.9606,13.2801],[113.9733,13.3284],[113.9864,13.3783],[114,13.4299],[114.014,13.4832],[114.0284,13.538],[114.0433,13.5945],[114.0585,13.6524],[114.0742,13.7119],[114.0902,13.7729],[114.1067,13.8354],[114.1235,13.8993],[114.1407,13.9645],[114.1582,14.0312],[114.1761,14.0992],[114.1944,14.1685],[114.213,14.239],[114.2319,14.3109],[114.2512,14.3839],[114.2707,14.4582],[114.2906,14.5336],[114.3108,14.6102],[114.3313,14.6878],[114.352,14.7666],[114.3731,14.8463],[114.3944,14.9272],[114.4378,15.0917]]]}},{"type":"Feature","properties":{"name":"APCN-2","id":"1049"},"geometry":{"type":"MultiLineString","coordinates":[[[140.751,36.8018],[144.7445,33.0553],[135.5094,29.8832],[129.5975,30.972]]]}},{"type":"Feature","properties":{"name":"APCN-2","id":"1049"},"geometry":{"type":"MultiLineString","coordinates":[[[129.5975,30.972],[128.5829,31.1576],[121.3953,31.6199],[126.4701,24.484],[124.2088,19.135],[118.1526,20.1476],[113.9492,22.2715],[109.4738,7.0074],[103.3227,3.8152],[104.0797,3.8976],[104.6791,2.3608],[104.3854,1.3596]]]}},{"type":"Feature","properties":{"name":"APCN-2","id":"1049"},"geometry":{"type":"MultiLineString","coordinates":[[[140.751,36.8018],[141.0327,35.6167],[140.2098,34.8946],[139.9548,34.9766],[139.4592,29.9824],[135.541,28.6619],[121.4627,25.1817],[122.1889,25.2034],[124.8234,24.4147],[123.2157,20.9705],[118.669,21.6119],[116.6776,23.355],[114.4378,15.0917]]]}},{"type":"Feature","properties":{"name":"APCN-2","id":"1049"},"geometry":{"type":"MultiLineString","coordinates":[[[103.8951,1.3095],[104.1592,1.211]]]}},{"type":"Feature","properties":{"name":"APCN-2","id":"1049"},"geometry":{"type":"MultiLineString","coordinates":[[[104.3854,1.3596],[104.197,1.3158]]]}},{"type":"Feature","properties":{"name":"APCN-2","id":"1049"},"geometry":{"type":"MultiLineString","coordinates":[[[104.3381,1.2287],[111.4896,3.7285],[113.8095,12.7052]]]}},{"type":"Feature","properties":{"name":"APCN-2","id":"1049"},"geometry":{"type":"MultiLineString","coordinates":[[[104.1592,1.211],[104.3381,1.2287]]]}},{"type":"Feature","properties":{"name":"Aphrodite 2","id":"1303"},"geometry":{"type":"MultiLineString","coordinates":[[[32.4667,34.7666],[30.7383,34.7666],[27.0117,35.9923],[24.3956,35.7357],[24.0122,35.512]]]}},{"type":"Feature","properties":{"name":"Apollo","id":"1213"},"geometry":{"type":"MultiLineString","coordinates":[[[-74.0471,40.1236],[-57.3514,32.9122],[-19.2952,41.3769],[-4.2623,48.6769],[-3.4599,48.7306]]]}},{"type":"Feature","properties":{"name":"Apollo","id":"1213"},"geometry":{"type":"MultiLineString","coordinates":[[[-72.8722,40.8006],[-57.3313,40.0361],[-19.1463,47.5637],[-4.5444,50.8282]]]}},{"type":"Feature","properties":{"name":"APX-East","id":"1743"},"geometry":{"type":"MultiLineString","coordinates":[[[179.9999,-26.8574],[174.7705,-36.8841]]]}},{"type":"Feature","properties":{"name":"APX-East","id":"1743"},"geometry":{"type":"MultiLineString","coordinates":[[[-118.3995,33.8625],[-139.2502,26.9167],[-147.0278,26.9167],[-158,21.4392],[-179.9999,-26.8577]]]}},{"type":"Feature","properties":{"name":"APX-East","id":"1743"},"geometry":{"type":"MultiLineString","coordinates":[[[174.7705,-36.8841],[173.8654,-37.5169],[151.8227,-34.7233],[151.207,-33.8696]]]}},{"type":"Feature","properties":{"name":"APX-West","id":"1744"},"geometry":{"type":"MultiLineString","coordinates":[[[103.8531,1.294],[103.8748,1.0223],[103.9322,0.9849],[104.0341,0.9172],[104.2951,0.7063],[104.6327,0.6485],[107.4832,-2.1712],[107.4832,-4.4513],[106.6986,-5.3385],[106.8334,-6.1715],[106.3171,-5.7146],[105.9087,-5.9472],[105.162,-6.7638],[114.4028,-30.8142],[115.8573,-31.9534]]]}},{"type":"Feature","properties":{"name":"ARCOS","id":"1078"},"geometry":{"type":"MultiLineString","coordinates":[[[-72.1194,21.8511],[-71.7247,21.6768],[-70.6912,19.7994],[-70.1568,20.1261],[-68.8204,19.2809],[-68.4382,18.6213],[-67.5221,19.2897],[-66.0169,18.4418]]]}},{"type":"Feature","properties":{"name":"ARCOS","id":"1078"},"geometry":{"type":"MultiLineString","coordinates":[[[-66.0169,18.4418],[-67.5693,18.9596],[-69.8123,13.591],[-68.8927,12.0904],[-69.964,12.5183],[-70.5139,12.1127],[-70.2043,11.7088],[-70.3934,11.7088],[-71.7602,13.2472],[-73.0086,12.5792],[-72.9527,11.4831],[-73.862,12.1215],[-75.718,11.1237],[-75.5058,10.3868],[-79.7536,9.4376],[-79.7535,10.0635],[-79.9,10.0635],[-79.8939,9.3563],[-83.0377,9.9886],[-83.0297,11.4521],[-83.7715,11.9918],[-83.0297,12.4094],[-83.0297,13.6153],[-83.3965,14.0161],[-83.0297,14.253],[-83.0297,15.3081],[-83.7768,15.2614]]]}},{"type":"Feature","properties":{"name":"ARCOS","id":"1078"},"geometry":{"type":"MultiLineString","coordinates":[[[-83.7768,15.2614],[-83.7554,16.2495],[-84.971,16.2495],[-85.9547,15.9152],[-86.5689,16.2346],[-86.9386,16.2346],[-87.9462,15.845],[-87.9485,16.2346],[-88.5972,15.7273],[-88.1208,17.0748],[-88.1822,17.4964],[-87.7008,17.7236],[-87.016,19.5521],[-87.4636,20.2127],[-86.7697,20.1975],[-86.4861,20.9279],[-86.7676,21.0957],[-86.5125,21.8025],[-83.6677,24.4217],[-81.1451,24.4217],[-80.1574,24.7957],[-80.1622,25.9332]]]}},{"type":"Feature","properties":{"name":"ARCOS","id":"1078"},"geometry":{"type":"MultiLineString","coordinates":[[[-72.1194,21.8511],[-72.9154,22.6113],[-73.6732,22.7873],[-73.9742,22.7445],[-74.0708,22.6531],[-74.195,22.6298]]]}},{"type":"Feature","properties":{"name":"ARCOS","id":"1078"},"geometry":{"type":"MultiLineString","coordinates":[[[-74.195,22.6298],[-74.3658,22.4712],[-74.4873,22.5433],[-74.6161,23.7394],[-75.5259,24.4033],[-77.3402,25.0672],[-80.1622,25.9332]]]}},{"type":"Feature","properties":{"name":"Asia Pacific Gateway (APG)","id":"1617"},"geometry":{"type":"MultiLineString","coordinates":[[[103.9465,1.3272],[104.2039,1.3383],[104.3702,1.3816],[105.6945,2.3338],[106.295,5.5958]]]}},{"type":"Feature","properties":{"name":"Asia Pacific Gateway (APG)","id":"1617"},"geometry":{"type":"MultiLineString","coordinates":[[[114.6072,18.0375],[114.2587,22.3182]]]}},{"type":"Feature","properties":{"name":"Asia Pacific Gateway (APG)","id":"1617"},"geometry":{"type":"MultiLineString","coordinates":[[[108.4502,6.8836],[100.5997,7.0759]]]}},{"type":"Feature","properties":{"name":"Asia Pacific Gateway (APG)","id":"1617"},"geometry":{"type":"MultiLineString","coordinates":[[[113.5439,14.177],[108.1925,16.0434]]]}},{"type":"Feature","properties":{"name":"Asia Pacific Gateway (APG)","id":"1617"},"geometry":{"type":"MultiLineString","coordinates":[[[128.6997,30.3236],[132.2375,29.6536],[139.3923,31.804],[139.817,35.0375]]]}},{"type":"Feature","properties":{"name":"Asia Pacific Gateway (APG)","id":"1617"},"geometry":{"type":"MultiLineString","coordinates":[[[103.3227,3.8152],[106.295,5.5958],[108.4502,6.8836],[112.1723,9.0989],[113.5439,14.177],[114.6072,18.0375],[121.1407,21.5473],[124.7027,21.0693],[125.908,24.4085],[127.3876,28.3606],[127.875,29.6358],[128.6997,30.3236],[128.9995,35.1704]]]}},{"type":"Feature","properties":{"name":"Asia Pacific Gateway (APG)","id":"1617"},"geometry":{"type":"MultiLineString","coordinates":[[[127.875,29.6358],[121.3953,31.6199]]]}},{"type":"Feature","properties":{"name":"Asia Pacific Gateway (APG)","id":"1617"},"geometry":{"type":"MultiLineString","coordinates":[[[121.1913,30.3063],[121.4074,30.4935],[127.3876,28.3606]]]}},{"type":"Feature","properties":{"name":"Asia Pacific Gateway (APG)","id":"1617"},"geometry":{"type":"MultiLineString","coordinates":[[[125.908,24.4085],[122.9195,25.2562],[121.8015,24.8634]]]}},{"type":"Feature","properties":{"name":"Asia Pacific Gateway (APG)","id":"1617"},"geometry":{"type":"MultiLineString","coordinates":[[[139.3923,31.804],[136.874,34.3368]]]}},{"type":"Feature","properties":{"name":"Asia Submarine-cable Express (ASE)/Cahaya Malaysia","id":"1679"},"geometry":{"type":"MultiLineString","coordinates":[[[106.9305,2.6355],[103.8508,2.2957]]]}},{"type":"Feature","properties":{"name":"Asia Submarine-cable Express (ASE)/Cahaya Malaysia","id":"1679"},"geometry":{"type":"MultiLineString","coordinates":[[[139.817,35.0375],[140.1959,28.0969],[126.8572,19.4797],[124.0311,15.1691],[122.9501,14.1165]]]}},{"type":"Feature","properties":{"name":"Asia Submarine-cable Express (ASE)/Cahaya Malaysia","id":"1679"},"geometry":{"type":"MultiLineString","coordinates":[[[119.372,18.7595],[114.2587,22.3182]]]}},{"type":"Feature","properties":{"name":"Asia Submarine-cable Express (ASE)/Cahaya Malaysia","id":"1679"},"geometry":{"type":"MultiLineString","coordinates":[[[126.8572,19.4797],[122.0241,20.2673],[118.0325,17.9928],[116.65,11.5214],[110.3173,4.3169],[106.9305,2.6355],[104.3902,1.3728],[104.1993,1.3224],[103.986,1.3853]]]}},{"type":"Feature","properties":{"name":"Asia-America Gateway (AAG) Cable System","id":"1507"},"geometry":{"type":"MultiLineString","coordinates":[[[103.9871,1.3895],[104.1544,1.1978]]]}},{"type":"Feature","properties":{"name":"Asia-America Gateway (AAG) Cable System","id":"1507"},"geometry":{"type":"MultiLineString","coordinates":[[[-179.9999,18.1629],[-158.1517,21.426],[-158.2366,21.3465],[-157.9005,21.1133],[-147.0278,26.0418],[-139.2502,26.0418],[-120.6625,35.2855]]]}},{"type":"Feature","properties":{"name":"Asia-America Gateway (AAG) Cable System","id":"1507"},"geometry":{"type":"MultiLineString","coordinates":[[[100.9306,13.1744],[100.7033,12.9486],[107.7664,5.2399]]]}},{"type":"Feature","properties":{"name":"Asia-America Gateway (AAG) Cable System","id":"1507"},"geometry":{"type":"MultiLineString","coordinates":[[[107.7664,5.2399],[109.9639,6.8865],[110.0612,7.2737]]]}},{"type":"Feature","properties":{"name":"Asia-America Gateway (AAG) Cable System","id":"1507"},"geometry":{"type":"MultiLineString","coordinates":[[[104.1544,1.1978],[104.3322,1.2123]]]}},{"type":"Feature","properties":{"name":"Asia-America Gateway (AAG) Cable System","id":"1507"},"geometry":{"type":"MultiLineString","coordinates":[[[104.3322,1.2123],[105.1498,1.3965],[104.7998,2.58],[103.8508,2.2957],[107.7664,5.2399]]]}},{"type":"Feature","properties":{"name":"Asia-America Gateway (AAG) Cable System","id":"1507"},"geometry":{"type":"MultiLineString","coordinates":[[[107.0792,10.3421],[110.6313,9.5315]]]}},{"type":"Feature","properties":{"name":"Asia-America Gateway (AAG) Cable System","id":"1507"},"geometry":{"type":"MultiLineString","coordinates":[[[110.0612,7.2737],[110.6313,9.5315]]]}},{"type":"Feature","properties":{"name":"Asia-America Gateway (AAG) Cable System","id":"1507"},"geometry":{"type":"MultiLineString","coordinates":[[[110.6313,9.5315],[113.9492,22.2715],[115.7592,18.5816],[120.3898,16.5826],[120.0953,17.143],[120.0953,18.5247],[121.1464,19.1207],[144.7864,13.4465],[146.1532,12.9927],[179.9999,18.1769]]]}},{"type":"Feature","properties":{"name":"Asia-America Gateway (AAG) Cable System","id":"1507"},"geometry":{"type":"MultiLineString","coordinates":[[[110.0612,7.2737],[114.8857,4.9268]]]}},{"type":"Feature","properties":{"name":"Atlantic Crossing-1 (AC-1)","id":"1143"},"geometry":{"type":"MultiLineString","coordinates":[[[-72.9123,40.7736],[-68.9275,40.8318],[-57.2333,43.2788],[-5.2482,59.692],[-0.0626,59.4178],[7.0406,55.0079],[8.3833,54.8985]]]}},{"type":"Feature","properties":{"name":"Atlantic Crossing-1 (AC-1)","id":"1143"},"geometry":{"type":"MultiLineString","coordinates":[[[-72.9123,40.7736],[-57.1899,36.3382],[-19.109,44.4306],[-5.6985,50.0787],[-5.5363,49.8614]]]}},{"type":"Feature","properties":{"name":"Atlantic Crossing-1 (AC-1)","id":"1143"},"geometry":{"type":"MultiLineString","coordinates":[[[-5.5363,49.8614],[0.2262,50.1768],[1.349,50.7681],[3.6741,52.2605],[4.6569,52.4865],[3.7684,52.8543],[3.9545,53.2772],[4.9612,53.6349],[8.3833,54.8985]]]}},{"type":"Feature","properties":{"name":"Atlantis-2","id":"1045"},"geometry":{"type":"MultiLineString","coordinates":[[[-38.543,-3.7187],[-34.1298,-3.4733],[-32.6113,-4.6928],[-32.6113,-11.6719],[-41.3648,-23.1697]]]}},{"type":"Feature","properties":{"name":"Atlantis-2","id":"1045"},"geometry":{"type":"MultiLineString","coordinates":[[[-32.6113,-4.6928],[-21.0748,14.8886],[-21.0724,20.2673],[-15.7167,27.2606],[-16.1896,27.8442],[-15.4252,29.0849],[-9.1481,38.7239]]]}},{"type":"Feature","properties":{"name":"Atlantis-2","id":"1045"},"geometry":{"type":"MultiLineString","coordinates":[[[-41.3648,-23.1697],[-53.3344,-37.3538],[-56.6954,-36.4709]]]}},{"type":"Feature","properties":{"name":"Atlantis-2","id":"1045"},"geometry":{"type":"MultiLineString","coordinates":[[[-23.5056,14.9353],[-21.0748,14.8886],[-17.4457,14.6867]]]}},{"type":"Feature","properties":{"name":"Atlantis-2","id":"1045"},"geometry":{"type":"MultiLineString","coordinates":[[[-16.5386,28.0467],[-15.4252,29.0849]]]}},{"type":"Feature","properties":{"name":"Atlas Offshore","id":"1512"},"geometry":{"type":"MultiLineString","coordinates":[[[-6.0357,35.4706],[-5.9478,35.8899],[-5.034,35.9342],[-4.6256,35.4127],[4.9777,39.3625],[5.3725,43.2936]]]}},{"type":"Feature","properties":{"name":"Australia-Japan Cable (AJC)","id":"1102"},"geometry":{"type":"MultiLineString","coordinates":[[[151.2286,-33.882],[151.7052,-33.546],[151.245,-33.7371],[151.4952,-33.4298],[158.154,-31.4564]]]}},{"type":"Feature","properties":{"name":"Australia-Japan Cable (AJC)","id":"1102"},"geometry":{"type":"MultiLineString","coordinates":[[[148.3721,14.2283],[145.4285,13.7123],[144.8094,13.5492],[145.2048,13.5815],[144.8004,13.5137],[145.4591,13.5081],[148.3807,14.186]]]}},{"type":"Feature","properties":{"name":"Australia-Japan Cable (AJC)","id":"1102"},"geometry":{"type":"MultiLineString","coordinates":[[[139.817,35.0375],[144.6639,30.6249],[148.3982,25.6347],[148.398,14.203],[162.8937,-10.3628],[158.1224,-31.4835],[151.2286,-33.882]]]}},{"type":"Feature","properties":{"name":"Australia-Japan Cable (AJC)","id":"1102"},"geometry":{"type":"MultiLineString","coordinates":[[[136.874,34.3368],[138.9279,30.4899],[148.3377,25.6897]]]}},{"type":"Feature","properties":{"name":"Australia-Papua New Guinea-2 (APNG-2)","id":"1527"},"geometry":{"type":"MultiLineString","coordinates":[[[147.1176,-9.4341],[147.1176,-11.1537],[153.1128,-11.1537],[154.085,-12.1121],[154.085,-30.9493],[151.207,-33.8696]]]}},{"type":"Feature","properties":{"name":"Australia-Singapore Cable (ASC)","id":"1683"},"geometry":{"type":"MultiLineString","coordinates":[[[104.2417,0.5904],[103.9529,0.8993]]]}},{"type":"Feature","properties":{"name":"Australia-Singapore Cable (ASC)","id":"1683"},"geometry":{"type":"MultiLineString","coordinates":[[[104.5348,0.5177],[104.2417,0.5904]]]}},{"type":"Feature","properties":{"name":"Australia-Singapore Cable (ASC)","id":"1683"},"geometry":{"type":"MultiLineString","coordinates":[[[106.9459,-4.5747],[106.9459,-2.1866],[104.5348,0.5177]]]}},{"type":"Feature","properties":{"name":"Australia-Singapore Cable (ASC)","id":"1683"},"geometry":{"type":"MultiLineString","coordinates":[[[106.35,-5.2894],[106.9459,-4.5747]]]}},{"type":"Feature","properties":{"name":"Australia-Singapore Cable (ASC)","id":"1683"},"geometry":{"type":"MultiLineString","coordinates":[[[103.9529,0.8993],[103.8461,0.956],[103.8094,1.0192],[103.9465,1.3272]]]}},{"type":"Feature","properties":{"name":"Australia-Singapore Cable (ASC)","id":"1683"},"geometry":{"type":"MultiLineString","coordinates":[[[115.8573,-31.9534],[112.7711,-31.3274],[103.6235,-7.6158],[105.8462,-5.785]]]}},{"type":"Feature","properties":{"name":"Australia-Singapore Cable (ASC)","id":"1683"},"geometry":{"type":"MultiLineString","coordinates":[[[105.8462,-5.785],[106.35,-5.2894]]]}},{"type":"Feature","properties":{"name":"Australia-Singapore Submarine Cable-1 (ASSC-1)","id":"1718"},"geometry":{"type":"MultiLineString","coordinates":[[[104.0069,0.8993],[103.9001,0.956],[103.8634,1.0192],[103.8531,1.294]]]}},{"type":"Feature","properties":{"name":"Australia-Singapore Submarine Cable-1 (ASSC-1)","id":"1718"},"geometry":{"type":"MultiLineString","coordinates":[[[104.2957,0.6448],[104.0069,0.8993]]]}},{"type":"Feature","properties":{"name":"Australia-Singapore Submarine Cable-1 (ASSC-1)","id":"1718"},"geometry":{"type":"MultiLineString","coordinates":[[[106.3254,-5.5615],[106.8334,-6.1715]]]}},{"type":"Feature","properties":{"name":"Australia-Singapore Submarine Cable-1 (ASSC-1)","id":"1718"},"geometry":{"type":"MultiLineString","coordinates":[[[115.8573,-31.9534],[113.5869,-31.0712],[104.4183,-7.2603],[105.8935,-5.9134],[106.3254,-5.5615],[107.2516,-4.4494],[107.2516,-2.2441],[105.3838,-0.1249],[104.5888,0.5721],[104.2957,0.6448]]]}},{"type":"Feature","properties":{"name":"Bahamas 2","id":"1069"},"geometry":{"type":"MultiLineString","coordinates":[[[-80.3943,27.6388],[-78.802,26.5396],[-77.3402,25.0672]]]}},{"type":"Feature","properties":{"name":"Bahamas Domestic Submarine Network (BDSNi)","id":"1510"},"geometry":{"type":"MultiLineString","coordinates":[[[-77.3402,25.0672],[-77.1869,25.0453],[-77.1869,24.9468],[-77.8446,24.6898]]]}},{"type":"Feature","properties":{"name":"Bahamas Domestic Submarine Network (BDSNi)","id":"1510"},"geometry":{"type":"MultiLineString","coordinates":[[[-76.2407,25.1961],[-76.2407,25.2944],[-76.8312,25.712],[-77.3995,25.8299],[-77.3995,26.0252]]]}},{"type":"Feature","properties":{"name":"Bahamas Domestic Submarine Network (BDSNi)","id":"1510"},"geometry":{"type":"MultiLineString","coordinates":[[[-75.7334,22.1833],[-75.3753,23.7333],[-74.8405,23.6522]]]}},{"type":"Feature","properties":{"name":"Bahamas Domestic Submarine Network (BDSNi)","id":"1510"},"geometry":{"type":"MultiLineString","coordinates":[[[-73.683,20.9505],[-75.7334,22.1833]]]}},{"type":"Feature","properties":{"name":"Bahamas Domestic Submarine Network (BDSNi)","id":"1510"},"geometry":{"type":"MultiLineString","coordinates":[[[-74.9662,23.0984],[-74.8405,23.6522]]]}},{"type":"Feature","properties":{"name":"Bahamas Domestic Submarine Network (BDSNi)","id":"1510"},"geometry":{"type":"MultiLineString","coordinates":[[[-74.5257,24.0527],[-74.9662,23.0984]]]}},{"type":"Feature","properties":{"name":"Bahamas Domestic Submarine Network (BDSNi)","id":"1510"},"geometry":{"type":"MultiLineString","coordinates":[[[-76.2407,25.1961],[-77.3402,25.0672]]]}},{"type":"Feature","properties":{"name":"Bahamas Domestic Submarine Network (BDSNi)","id":"1510"},"geometry":{"type":"MultiLineString","coordinates":[[[-77.3995,26.0252],[-78.7367,26.517]]]}},{"type":"Feature","properties":{"name":"Bahamas Domestic Submarine Network (BDSNi)","id":"1510"},"geometry":{"type":"MultiLineString","coordinates":[[[-74.195,22.6298],[-74.3638,22.4977],[-74.4502,22.559],[-74.5257,24.0527]]]}},{"type":"Feature","properties":{"name":"Bahamas Domestic Submarine Network (BDSNi)","id":"1510"},"geometry":{"type":"MultiLineString","coordinates":[[[-77.3402,25.0672],[-77.4402,25.2226],[-78.5213,26.3161],[-78.7367,26.517]]]}},{"type":"Feature","properties":{"name":"Bahamas Domestic Submarine Network (BDSNi)","id":"1510"},"geometry":{"type":"MultiLineString","coordinates":[[[-75.7801,23.5165],[-75.3859,23.7697],[-74.8405,23.6522]]]}},{"type":"Feature","properties":{"name":"Bahamas Domestic Submarine Network (BDSNi)","id":"1510"},"geometry":{"type":"MultiLineString","coordinates":[[[-75.7801,23.5165],[-76.003,24.9236],[-76.1279,25.1481],[-76.2407,25.1961]]]}},{"type":"Feature","properties":{"name":"Bahamas Domestic Submarine Network (BDSNi)","id":"1510"},"geometry":{"type":"MultiLineString","coordinates":[[[-74.5257,24.0527],[-75.5259,24.4033]]]}},{"type":"Feature","properties":{"name":"Bahamas Domestic Submarine Network (BDSNi)","id":"1510"},"geometry":{"type":"MultiLineString","coordinates":[[[-73.683,20.9505],[-73.683,18.9075],[-72.8344,18.6119],[-72.5103,18.6119],[-72.3431,18.5428]]]}},{"type":"Feature","properties":{"name":"Bahamas Domestic Submarine Network (BDSNi)","id":"1510"},"geometry":{"type":"MultiLineString","coordinates":[[[-73.683,20.9505],[-73.0641,22.4017]]]}},{"type":"Feature","properties":{"name":"Bahamas Domestic Submarine Network (BDSNi)","id":"1510"},"geometry":{"type":"MultiLineString","coordinates":[[[-73.0641,22.4017],[-73.6788,22.7658],[-73.9654,22.7364],[-74.0621,22.6449],[-74.195,22.6298]]]}},{"type":"Feature","properties":{"name":"Bahamas Domestic Submarine Network (BDSNi)","id":"1510"},"geometry":{"type":"MultiLineString","coordinates":[[[-75.5259,24.4033],[-75.7599,24.5444],[-76.1326,25.1961],[-76.2407,25.1961]]]}},{"type":"Feature","properties":{"name":"Bahamas Internet Cable System (BICS)","id":"1232"},"geometry":{"type":"MultiLineString","coordinates":[[[-78.7367,26.517],[-79.4359,26.3035],[-80.089,26.3506]]]}},{"type":"Feature","properties":{"name":"Bahamas Internet Cable System (BICS)","id":"1232"},"geometry":{"type":"MultiLineString","coordinates":[[[-76.5744,24.4249],[-76.1718,24.5135],[-76.033,24.9313],[-76.182,25.2138]]]}},{"type":"Feature","properties":{"name":"Bahamas Internet Cable System (BICS)","id":"1232"},"geometry":{"type":"MultiLineString","coordinates":[[[-76.182,25.2138],[-77.3995,26.0252],[-77.199,26.2752],[-77.7964,26.7918],[-77.9744,26.637],[-78.2963,26.4821],[-78.7367,26.517],[-80.0677,26.3783]]]}},{"type":"Feature","properties":{"name":"Bahamas Internet Cable System (BICS)","id":"1232"},"geometry":{"type":"MultiLineString","coordinates":[[[-78.7367,26.517],[-77.6411,25.7968],[-77.3402,25.0672],[-76.7877,25.4079],[-76.182,25.2138]]]}},{"type":"Feature","properties":{"name":"BalaLink","id":"1696"},"geometry":{"type":"MultiLineString","coordinates":[[[-0.3769,39.4597],[2.6052,39.3847],[2.6052,39.5524]]]}},{"type":"Feature","properties":{"name":"Balkans-Italy Network (BIN)","id":"1668"},"geometry":{"type":"MultiLineString","coordinates":[[[16.8688,41.1257],[19.4993,41.2107]]]}},{"type":"Feature","properties":{"name":"Baltica","id":"1199"},"geometry":{"type":"MultiLineString","coordinates":[[[11.9401,54.5772],[14.9921,55.0311]]]}},{"type":"Feature","properties":{"name":"Baltica","id":"1199"},"geometry":{"type":"MultiLineString","coordinates":[[[13.8283,55.4313],[14.9921,55.0311],[15.5751,54.1727]]]}},{"type":"Feature","properties":{"name":"BARSAV","id":"1053"},"geometry":{"type":"MultiLineString","coordinates":[[[8.4838,44.3058],[8.5247,42.9965],[2.1688,41.3856]]]}},{"type":"Feature","properties":{"name":"Bass Strait-1","id":"1472"},"geometry":{"type":"MultiLineString","coordinates":[[[146.1196,-38.8199],[145.6238,-40.9505]]]}},{"type":"Feature","properties":{"name":"Bass Strait-2","id":"1492"},"geometry":{"type":"MultiLineString","coordinates":[[[145.7296,-38.6332],[145.2942,-40.7602]]]}},{"type":"Feature","properties":{"name":"Basslink","id":"1742"},"geometry":{"type":"MultiLineString","coordinates":[[[147.0713,-38.4434],[146.8501,-41.0331]]]}},{"type":"Feature","properties":{"name":"Batam Dumai Melaka Cable System (BDMCS)","id":"1648"},"geometry":{"type":"MultiLineString","coordinates":[[[103.9626,1.1347],[103.0062,1.2087],[102.2695,1.7882],[101.7002,1.6957],[101.4477,1.6656]]]}},{"type":"Feature","properties":{"name":"Batam Dumai Melaka Cable System (BDMCS)","id":"1648"},"geometry":{"type":"MultiLineString","coordinates":[[[101.4477,1.6656],[101.6707,1.708],[101.7758,1.7814],[101.914,1.96],[102.2209,2.2732]]]}},{"type":"Feature","properties":{"name":"Batam-Rengit Cable System (BRCS)","id":"1601"},"geometry":{"type":"MultiLineString","coordinates":[[[103.1478,1.6775],[103.4917,1.2174],[103.9626,1.1347]]]}},{"type":"Feature","properties":{"name":"BCF-1","id":"1364"},"geometry":{"type":"MultiLineString","coordinates":[[[21.5701,57.3897],[19.0419,57.863],[18.8389,59.3383],[18.4037,59.3383],[18.0627,59.3323]]]}},{"type":"Feature","properties":{"name":"BCS East","id":"1611"},"geometry":{"type":"MultiLineString","coordinates":[[[21.0112,56.5084],[20.8089,56.3546],[21.0827,56.0285]]]}},{"type":"Feature","properties":{"name":"BCS East-West Interlink","id":"1222"},"geometry":{"type":"MultiLineString","coordinates":[[[21.0827,56.0285],[18.8294,57.4397]]]}},{"type":"Feature","properties":{"name":"BCS North - Phase 1","id":"1609"},"geometry":{"type":"MultiLineString","coordinates":[[[24.9325,60.1712],[24.6401,59.9787],[23.3989,59.8234],[22.9668,59.8234],[22.6427,59.8777],[22.2986,60.0366],[22.2986,60.3057],[22.0826,60.0906],[20.5496,59.9486],[19.9377,60.0061],[19.9377,60.1141],[18.7647,59.8228]]]}},{"type":"Feature","properties":{"name":"BCS North - Phase 2","id":"1610"},"geometry":{"type":"MultiLineString","coordinates":[[[26.8837,60.5012],[28.5,59.8]]]}},{"type":"Feature","properties":{"name":"BCS North - Phase 2","id":"1610"},"geometry":{"type":"MultiLineString","coordinates":[[[26.8837,60.5012],[26.0602,60.162],[24.9325,60.1712]]]}},{"type":"Feature","properties":{"name":"Berytar","id":"1321"},"geometry":{"type":"MultiLineString","coordinates":[[[35.8978,34.8917],[35.7793,34.6719],[35.8592,34.4397],[35.4706,34.2222],[35.4852,33.8927],[35.29,33.7154],[35.3864,33.4502]]]}},{"type":"Feature","properties":{"name":"Bharat Lanka Cable System","id":"1356"},"geometry":{"type":"MultiLineString","coordinates":[[[78.1452,8.8025],[78.5545,7.5273],[79.8668,6.8332]]]}},{"type":"Feature","properties":{"name":"Bicentenario","id":"1633"},"geometry":{"type":"MultiLineString","coordinates":[[[-54.9421,-34.9225],[-56.6954,-36.4709]]]}},{"type":"Feature","properties":{"name":"Botnia","id":"1271"},"geometry":{"type":"MultiLineString","coordinates":[[[21.6164,63.0954],[20.9683,63.0954],[20.5871,63.6825],[20.2631,63.826]]]}},{"type":"Feature","properties":{"name":"CADMOS","id":"1305"},"geometry":{"type":"MultiLineString","coordinates":[[[33.6106,34.8273],[35.4852,33.8927]]]}},{"type":"Feature","properties":{"name":"Canada-United States 1 (CANUS 1)","id":"1293"},"geometry":{"type":"MultiLineString","coordinates":[[[-74.0471,40.1236],[-72.8169,39.8954],[-64.103,42.904],[-63.6456,44.4343]]]}},{"type":"Feature","properties":{"name":"CanaLink","id":"1666"},"geometry":{"type":"MultiLineString","coordinates":[[[-16.5228,28.293],[-15.9378,28.5189],[-15.9378,28.6632],[-17.7652,28.6632]]]}},{"type":"Feature","properties":{"name":"CanaLink","id":"1666"},"geometry":{"type":"MultiLineString","coordinates":[[[-6.2927,36.5298],[-10.9733,34.8408],[-10.7754,33.8702],[-15.4744,28.4871],[-16.5228,28.293]]]}},{"type":"Feature","properties":{"name":"CanaLink","id":"1666"},"geometry":{"type":"MultiLineString","coordinates":[[[-16.5228,28.293],[-15.2881,28.293],[-15.2881,28.0604],[-15.3962,27.9644]]]}},{"type":"Feature","properties":{"name":"CANTAT-3","id":"1737"},"geometry":{"type":"MultiLineString","coordinates":[[[4.3964,55.9416],[6.2833,56.6628]]]}},{"type":"Feature","properties":{"name":"CANTAT-3","id":"1737"},"geometry":{"type":"MultiLineString","coordinates":[[[7.7891,55.0756],[7.1554,55.7515]]]}},{"type":"Feature","properties":{"name":"CANTAT-3","id":"1737"},"geometry":{"type":"MultiLineString","coordinates":[[[7.1554,55.7515],[6.2833,56.6628],[-2.0981,62.8112],[-15.6909,62.3881],[-19.9823,63.127],[-20.2673,63.4378]]]}},{"type":"Feature","properties":{"name":"CANTAT-3","id":"1737"},"geometry":{"type":"MultiLineString","coordinates":[[[-7.2002,62.6531],[-7.1472,62.2901]]]}},{"type":"Feature","properties":{"name":"CANTAT-3","id":"1737"},"geometry":{"type":"MultiLineString","coordinates":[[[7.1553,55.7517],[8.3292,55.7517]]]}},{"type":"Feature","properties":{"name":"CANTAT-3","id":"1737"},"geometry":{"type":"MultiLineString","coordinates":[[[8.3833,54.8985],[7.7891,55.0756]]]}},{"type":"Feature","properties":{"name":"CANTAT-3","id":"1737"},"geometry":{"type":"MultiLineString","coordinates":[[[4.2285,56.0785],[4.3964,55.9416],[4.5644,55.8043],[4.7485,55.7158]]]}},{"type":"Feature","properties":{"name":"Caribbean-Bermuda U.S. (CBUS)","id":"1634"},"geometry":{"type":"MultiLineString","coordinates":[[[-64.8017,32.2587],[-64.5972,18.4145]]]}},{"type":"Feature","properties":{"name":"Caucasus Cable System","id":"1563"},"geometry":{"type":"MultiLineString","coordinates":[[[41.6676,42.1467],[28.1675,43.4146]]]}},{"type":"Feature","properties":{"name":"Cayman-Jamaica Fiber System","id":"1068"},"geometry":{"type":"MultiLineString","coordinates":[[[-76.7921,17.9924],[-78.5111,17.4396],[-79.8777,19.6904],[-79.9857,19.2806],[-80.8427,18.975],[-81.1668,19.283]]]}},{"type":"Feature","properties":{"name":"Ceiba-1","id":"1699"},"geometry":{"type":"MultiLineString","coordinates":[[[9.7682,1.8602],[9.0528,3.8594],[8.7823,3.8594],[8.7823,3.7508]]]}},{"type":"Feature","properties":{"name":"Celtic","id":"1054"},"geometry":{"type":"MultiLineString","coordinates":[[[-6.5965,52.1793],[-6.1392,50.6518],[-5.7053,50.0833]]]}},{"type":"Feature","properties":{"name":"CeltixConnect","id":"1641"},"geometry":{"type":"MultiLineString","coordinates":[[[-6.2483,53.3481],[-4.6304,53.3063]]]}},{"type":"Feature","properties":{"name":"Challenger Bermuda-1 (CB-1)","id":"1596"},"geometry":{"type":"MultiLineString","coordinates":[[[-71.646,41.4121],[-70.8353,40.675],[-64.8679,33.5828],[-64.8017,32.2587]]]}},{"type":"Feature","properties":{"name":"China-U.S. Cable Network (CHUS)","id":"1146"},"geometry":{"type":"MultiLineString","coordinates":[[[120.6622,22.2493],[120.3246,21.5201]]]}},{"type":"Feature","properties":{"name":"China-U.S. Cable Network (CHUS)","id":"1146"},"geometry":{"type":"MultiLineString","coordinates":[[[144.7864,13.4465],[145.7913,22.5381]]]}},{"type":"Feature","properties":{"name":"China-U.S. Cable Network (CHUS)","id":"1146"},"geometry":{"type":"MultiLineString","coordinates":[[[127.6809,26.2124],[129.6707,20.0424]]]}},{"type":"Feature","properties":{"name":"China-U.S. Cable Network (CHUS)","id":"1146"},"geometry":{"type":"MultiLineString","coordinates":[[[144.0413,29.2011],[139.9512,34.9766]]]}},{"type":"Feature","properties":{"name":"China-U.S. Cable Network (CHUS)","id":"1146"},"geometry":{"type":"MultiLineString","coordinates":[[[129.2937,29.5766],[140.3172,26.6539],[151.713,34.2236],[157.2683,40.6564],[179.9999,40.6538]]]}},{"type":"Feature","properties":{"name":"China-U.S. Cable Network (CHUS)","id":"1146"},"geometry":{"type":"MultiLineString","coordinates":[[[-179.9999,40.6538],[-139.2502,40.6538],[-124.4084,43.1187],[-126.8836,41.2465],[-122.8032,35.1718],[-120.6625,35.2855],[-139.2502,30.3469],[-179.9999,30.3469]]]}},{"type":"Feature","properties":{"name":"China-U.S. Cable Network (CHUS)","id":"1146"},"geometry":{"type":"MultiLineString","coordinates":[[[179.9999,30.3582],[157.1983,30.3469],[145.7913,22.5381],[129.7137,20.0664],[129.0498,19.6873],[118.5167,21.2868],[116.6776,23.355],[118.9836,21.7048],[123.09,21.1387],[126.9836,29.6707],[121.3953,31.6199],[129.2937,29.5766]]]}},{"type":"Feature","properties":{"name":"China-U.S. Cable Network (CHUS)","id":"1146"},"geometry":{"type":"MultiLineString","coordinates":[[[128.9995,35.1704],[129.2937,29.5766]]]}},{"type":"Feature","properties":{"name":"CIOS","id":"1304"},"geometry":{"type":"MultiLineString","coordinates":[[[34.0001,34.9832],[35.0946,33.0113]]]}},{"type":"Feature","properties":{"name":"Circe North","id":"1137"},"geometry":{"type":"MultiLineString","coordinates":[[[1.7293,52.4688],[2.2188,52.5972],[3.7649,52.5848],[4.5242,52.3636]]]}},{"type":"Feature","properties":{"name":"Circe South","id":"1323"},"geometry":{"type":"MultiLineString","coordinates":[[[0.3667,50.8193],[1.4935,50.1791]]]}},{"type":"Feature","properties":{"name":"Colombia-Florida Subsea Fiber (CFX-1)","id":"1554"},"geometry":{"type":"MultiLineString","coordinates":[[[-80.089,26.3506],[-77.701,25.0518],[-74.0856,20.7728],[-74.6541,18.0275],[-75.6846,11.9432],[-75.5058,10.3868]]]}},{"type":"Feature","properties":{"name":"Colombia-Florida Subsea Fiber (CFX-1)","id":"1554"},"geometry":{"type":"MultiLineString","coordinates":[[[-74.7461,17.4921],[-77.1437,18.9488],[-77.8167,18.3499]]]}},{"type":"Feature","properties":{"name":"Columbus-II b","id":"1643"},"geometry":{"type":"MultiLineString","coordinates":[[[-64.9371,18.3729],[-75.8406,27.3276],[-78.8024,27.3276],[-80.0534,26.7152]]]}},{"type":"Feature","properties":{"name":"Columbus-III","id":"1046"},"geometry":{"type":"MultiLineString","coordinates":[[[-6.1835,35.9166],[-5.3204,35.9182],[-2.1092,35.7868],[2.388,37.5976],[10.8455,37.6777],[12.5914,37.6505]]]}},{"type":"Feature","properties":{"name":"Columbus-III","id":"1046"},"geometry":{"type":"MultiLineString","coordinates":[[[-80.1602,26.0106],[-73.1583,31.5402],[-57.4457,31.5402],[-30.9914,35.8715],[-6.1835,35.9166]]]}},{"type":"Feature","properties":{"name":"Columbus-III","id":"1046"},"geometry":{"type":"MultiLineString","coordinates":[[[-6.0871,36.2768],[-6.1835,35.9166]]]}},{"type":"Feature","properties":{"name":"Columbus-III","id":"1046"},"geometry":{"type":"MultiLineString","coordinates":[[[-25.7703,37.7171],[-26.1798,35.8803]]]}},{"type":"Feature","properties":{"name":"Columbus-III","id":"1046"},"geometry":{"type":"MultiLineString","coordinates":[[[-10.8492,35.9082],[-9.1481,38.7239]]]}},{"type":"Feature","properties":{"name":"Concerto","id":"1538"},"geometry":{"type":"MultiLineString","coordinates":[[[1.6203,52.2072],[1.7787,52.1707],[1.6132,52.1809],[3.2069,51.331],[3.8424,51.9886],[4.5272,52.3707],[1.6203,52.2072]]]}},{"type":"Feature","properties":{"name":"Corfu-Bar","id":"1295"},"geometry":{"type":"MultiLineString","coordinates":[[[19.9196,39.6195],[18.8709,39.8885],[18.8709,41.2701],[19.1003,42.0933]]]}},{"type":"Feature","properties":{"name":"Corse-Continent 4 (CC4)","id":"1427"},"geometry":{"type":"MultiLineString","coordinates":[[[7.0174,43.5531],[8.7211,42.7961],[8.9372,42.6367]]]}},{"type":"Feature","properties":{"name":"Corse-Continent 5 (CC5)","id":"1428"},"geometry":{"type":"MultiLineString","coordinates":[[[5.8782,43.1032],[5.8782,42.9447],[8.4147,41.9195],[8.7387,41.9195]]]}},{"type":"Feature","properties":{"name":"Danica North","id":"1541"},"geometry":{"type":"MultiLineString","coordinates":[[[12.9555,55.7705],[12.5456,55.7208]]]}},{"type":"Feature","properties":{"name":"DANICE","id":"1568"},"geometry":{"type":"MultiLineString","coordinates":[[[-20.6664,63.7332],[-20.1984,63.029],[-5.7659,60.421],[0.1458,61.8812],[6.7154,56.8999],[8.3292,55.7517]]]}},{"type":"Feature","properties":{"name":"Denmark-Norway 5","id":"1326"},"geometry":{"type":"MultiLineString","coordinates":[[[9.9956,57.4563],[8.7725,58.4619]]]}},{"type":"Feature","properties":{"name":"Denmark-Norway 6","id":"1327"},"geometry":{"type":"MultiLineString","coordinates":[[[8.7036,56.9594],[7.9963,58.1511]]]}},{"type":"Feature","properties":{"name":"Denmark-Poland 2","id":"1262"},"geometry":{"type":"MultiLineString","coordinates":[[[14.9667,55.0128],[16.0623,54.2601]]]}},{"type":"Feature","properties":{"name":"Denmark-Sweden 15","id":"1259"},"geometry":{"type":"MultiLineString","coordinates":[[[12.3008,55.9281],[12.6958,56.0439]]]}},{"type":"Feature","properties":{"name":"Denmark-Sweden 16","id":"1261"},"geometry":{"type":"MultiLineString","coordinates":[[[12.3008,55.9281],[12.6307,55.9306],[12.6958,56.0439]]]}},{"type":"Feature","properties":{"name":"Denmark-Sweden 17","id":"1730"},"geometry":{"type":"MultiLineString","coordinates":[[[12.5369,56.0751],[12.3139,56.2814],[12.3687,56.5169],[13.0168,56.5169]]]}},{"type":"Feature","properties":{"name":"Denmark-Sweden 18","id":"1731"},"geometry":{"type":"MultiLineString","coordinates":[[[12.5922,56.0306],[12.6958,56.0439]]]}},{"type":"Feature","properties":{"name":"Dhiraagu Cable Network","id":"1746"},"geometry":{"type":"MultiLineString","coordinates":[[[73.0715,6.6229],[73.0709,5.1036],[73.5403,4.2123],[72.9557,3.6085],[73.5447,1.919],[73.4556,0.2892],[73.4269,-0.2979],[73.0892,-0.6056]]]}},{"type":"Feature","properties":{"name":"Dhiraagu-SLT Submarine Cable Network","id":"1369"},"geometry":{"type":"MultiLineString","coordinates":[[[79.8721,6.9271],[73.5,4.1667]]]}},{"type":"Feature","properties":{"name":"Dumai-Melaka Cable System","id":"1350"},"geometry":{"type":"MultiLineString","coordinates":[[[101.4477,1.6656],[101.3669,1.9011],[101.3774,2.1275],[101.5397,2.2572],[102.2209,2.2732]]]}},{"type":"Feature","properties":{"name":"EAC-C2C","id":"1592"},"geometry":{"type":"MultiLineString","coordinates":[[[104.1875,1.2896],[103.9871,1.3895]]]}},{"type":"Feature","properties":{"name":"EAC-C2C","id":"1592"},"geometry":{"type":"MultiLineString","coordinates":[[[104.178,1.2633],[104.3618,1.2941]]]}},{"type":"Feature","properties":{"name":"EAC-C2C","id":"1592"},"geometry":{"type":"MultiLineString","coordinates":[[[104.1639,1.224],[103.9871,1.3895],[104.178,1.2633]]]}},{"type":"Feature","properties":{"name":"EAC-C2C","id":"1592"},"geometry":{"type":"MultiLineString","coordinates":[[[104.344,1.2451],[104.1639,1.224]]]}},{"type":"Feature","properties":{"name":"EAC-C2C","id":"1592"},"geometry":{"type":"MultiLineString","coordinates":[[[114.203,22.2221],[116.5316,15.1586],[120.8202,14.2866]]]}},{"type":"Feature","properties":{"name":"EAC-C2C","id":"1592"},"geometry":{"type":"MultiLineString","coordinates":[[[120.3645,20.7043],[120.6622,22.2493]]]}},{"type":"Feature","properties":{"name":"EAC-C2C","id":"1592"},"geometry":{"type":"MultiLineString","coordinates":[[[120.3645,20.7043],[123.2855,20.2283],[125.4726,25.0743],[122.5492,25.6692],[121.8403,25.3507],[121.4627,25.1817]]]}},{"type":"Feature","properties":{"name":"EAC-C2C","id":"1592"},"geometry":{"type":"MultiLineString","coordinates":[[[104.3618,1.2941],[109.8498,4.4337],[114.2587,22.3182]]]}},{"type":"Feature","properties":{"name":"EAC-C2C","id":"1592"},"geometry":{"type":"MultiLineString","coordinates":[[[114.2587,22.3182],[118.6906,20.9762],[120.3645,20.7043]]]}},{"type":"Feature","properties":{"name":"EAC-C2C","id":"1592"},"geometry":{"type":"MultiLineString","coordinates":[[[121.4627,25.1817],[123.7573,30.1828],[121.4726,31.2475],[123.6598,30.6889],[128.2212,32.8368],[128.9995,35.1704],[130.3,30.5438],[135.5225,29.6183],[137.9802,30.4986],[136.874,34.3368],[139.2307,32.7511],[140.4003,33.1774],[139.9548,34.9766],[144.4879,30.4236],[125.8553,18.4989],[121.1289,19.2648],[118.5235,17.7848],[118.2142,15.374],[121.066,13.7624],[112.0081,4.3972],[104.344,1.2451]]]}},{"type":"Feature","properties":{"name":"EAC-C2C","id":"1592"},"geometry":{"type":"MultiLineString","coordinates":[[[114.2587,22.3182],[118.4555,20.3739],[124.0752,19.4702],[129.831,23.4814]]]}},{"type":"Feature","properties":{"name":"EAC-C2C","id":"1592"},"geometry":{"type":"MultiLineString","coordinates":[[[104.3736,1.3269],[104.1875,1.2896]]]}},{"type":"Feature","properties":{"name":"EAC-C2C","id":"1592"},"geometry":{"type":"MultiLineString","coordinates":[[[125.7958,25.1483],[123.7986,19.8168],[118.6359,20.6625],[114.2587,22.3182]]]}},{"type":"Feature","properties":{"name":"EAC-C2C","id":"1592"},"geometry":{"type":"MultiLineString","coordinates":[[[103.9871,1.3895],[104.1731,1.2503]]]}},{"type":"Feature","properties":{"name":"EAC-C2C","id":"1592"},"geometry":{"type":"MultiLineString","coordinates":[[[104.1731,1.2503],[104.3559,1.2778]]]}},{"type":"Feature","properties":{"name":"EAC-C2C","id":"1592"},"geometry":{"type":"MultiLineString","coordinates":[[[121.3833,25.15],[121.366,25.4891],[121.4555,25.8099],[129.831,23.4814]]]}},{"type":"Feature","properties":{"name":"EAC-C2C","id":"1592"},"geometry":{"type":"MultiLineString","coordinates":[[[104.3559,1.2778],[110.995,4.1446],[120.1008,14.0705],[120.8202,14.2866],[120.4358,14.4805],[117.8441,15.9851],[118.1701,17.9155],[120.9082,19.4931],[122.6859,21.6217],[124.0877,24.7952],[121.7264,25.4816],[121.3833,25.15],[121.2287,25.515],[121.3479,26.0345],[125.7958,25.1483]]]}},{"type":"Feature","properties":{"name":"EAC-C2C","id":"1592"},"geometry":{"type":"MultiLineString","coordinates":[[[124.6305,36.0845],[120.3426,36.0873]]]}},{"type":"Feature","properties":{"name":"EAC-C2C","id":"1592"},"geometry":{"type":"MultiLineString","coordinates":[[[114.203,22.2221],[108.8508,3.7336],[104.3736,1.3269]]]}},{"type":"Feature","properties":{"name":"EAC-C2C","id":"1592"},"geometry":{"type":"MultiLineString","coordinates":[[[129.831,23.4814],[138.8798,29.5405],[136.874,34.3368],[139.2973,32.4541],[142.8526,33.6937],[140.6124,36.3835],[145.2837,32.1621],[135.5691,28.9013],[126.9585,30.4914],[125.2318,35.982],[126.3916,36.5764],[124.6242,36.0914],[126.6992,27.5382],[125.7958,25.1483]]]}},{"type":"Feature","properties":{"name":"East-West","id":"1671"},"geometry":{"type":"MultiLineString","coordinates":[[[-70.1618,18.6993],[-70.1883,16.9821]]]}},{"type":"Feature","properties":{"name":"East-West","id":"1671"},"geometry":{"type":"MultiLineString","coordinates":[[[-76.7168,17.9499],[-76.012,16.9734],[-70.1883,16.9821],[-67.2532,16.9734],[-64.5972,18.4145]]]}},{"type":"Feature","properties":{"name":"Eastern Africa Submarine System (EASSy)","id":"1246"},"geometry":{"type":"MultiLineString","coordinates":[[[37.5393,-23.3418],[41.1017,-17.0016],[41.7625,-12.1577]]]}},{"type":"Feature","properties":{"name":"Eastern Africa Submarine System (EASSy)","id":"1246"},"geometry":{"type":"MultiLineString","coordinates":[[[43.2434,-11.7006],[41.7625,-12.1577]]]}},{"type":"Feature","properties":{"name":"Eastern Africa Submarine System (EASSy)","id":"1246"},"geometry":{"type":"MultiLineString","coordinates":[[[36.1447,-25.7475],[37.5393,-23.3418]]]}},{"type":"Feature","properties":{"name":"Eastern Africa Submarine System (EASSy)","id":"1246"},"geometry":{"type":"MultiLineString","coordinates":[[[42.5079,-6.5866],[42.8733,-3.8298]]]}},{"type":"Feature","properties":{"name":"Eastern Africa Submarine System (EASSy)","id":"1246"},"geometry":{"type":"MultiLineString","coordinates":[[[41.7625,-12.1577],[42.5079,-6.5866]]]}},{"type":"Feature","properties":{"name":"Eastern Africa Submarine System (EASSy)","id":"1246"},"geometry":{"type":"MultiLineString","coordinates":[[[42.8733,-3.8298],[42.9269,-3.4239],[48.1951,2.9518],[52.5135,12.1377],[52.3749,12.76],[45.3334,10.8922],[43.8352,10.9695],[43.294,11.8769],[43.4628,12.1318],[42.4018,13.8778],[42.0832,13.8952],[38.2429,20.1691],[37.2196,19.6156]]]}},{"type":"Feature","properties":{"name":"Eastern Africa Submarine System (EASSy)","id":"1246"},"geometry":{"type":"MultiLineString","coordinates":[[[31.758,-28.9506],[34.2011,-29.0187],[36.1447,-25.7475]]]}},{"type":"Feature","properties":{"name":"Eastern Africa Submarine System (EASSy)","id":"1246"},"geometry":{"type":"MultiLineString","coordinates":[[[43.6632,-23.3548],[37.5393,-23.3418]]]}},{"type":"Feature","properties":{"name":"Eastern Africa Submarine System (EASSy)","id":"1246"},"geometry":{"type":"MultiLineString","coordinates":[[[32.5806,-25.9682],[36.1447,-25.7475]]]}},{"type":"Feature","properties":{"name":"Eastern Africa Submarine System (EASSy)","id":"1246"},"geometry":{"type":"MultiLineString","coordinates":[[[43.148,11.5948],[43.3219,11.8336]]]}},{"type":"Feature","properties":{"name":"Eastern Africa Submarine System (EASSy)","id":"1246"},"geometry":{"type":"MultiLineString","coordinates":[[[42.5079,-6.5866],[39.2698,-6.8231]]]}},{"type":"Feature","properties":{"name":"Eastern Africa Submarine System (EASSy)","id":"1246"},"geometry":{"type":"MultiLineString","coordinates":[[[39.6729,-4.0529],[42.8733,-3.8298]]]}},{"type":"Feature","properties":{"name":"Eastern Caribbean Fiber System (ECFS)","id":"1290"},"geometry":{"type":"MultiLineString","coordinates":[[[-63.0572,18.2177],[-63.0737,18.0311],[-62.7298,17.4024],[-62.7298,17.2986],[-62.7298,17.091],[-62.3237,16.7068],[-62.2157,16.7068],[-62.3237,16.8109],[-62.074,17.0514],[-61.8579,17.0514],[-61.533,16.2413],[-61.1546,15.4093],[-61.2627,15.1996],[-61.3707,15.252],[-61.3707,14.6746],[-61.0942,14.6154],[-61.1627,14.4977],[-61.0068,13.9945],[-61.0068,14.1263],[-60.8988,14.1263],[-59.6074,13.0845],[-61.2547,13.0688],[-61.2547,13.1879],[-61.7692,12.2918],[-61.7153,12.1856],[-61.7153,12.2918],[-61.5413,12.2918],[-61.5413,11.3427],[-61.6508,10.6863]]]}},{"type":"Feature","properties":{"name":"ECLink","id":"1532"},"geometry":{"type":"MultiLineString","coordinates":[[[-61.6493,10.6877],[-61.6493,11.3427],[-64.432,11.3427],[-65.3519,11.0236],[-68.8139,11.9578],[-68.8927,12.0904]]]}},{"type":"Feature","properties":{"name":"Emerald Bridge Fibres","id":"1684"},"geometry":{"type":"MultiLineString","coordinates":[[[-6.198,53.4101],[-5.6229,53.6054],[-5.0907,53.5419],[-4.6304,53.3063]]]}},{"type":"Feature","properties":{"name":"Emerald Express","id":"1691"},"geometry":{"type":"MultiLineString","coordinates":[[[-22.4448,63.8461],[-20.2842,54.4143]]]}},{"type":"Feature","properties":{"name":"Emerald Express","id":"1691"},"geometry":{"type":"MultiLineString","coordinates":[[[-9.991,54.2247],[-10.2073,54.4143],[-20.2842,54.4143],[-56.937,42.9569],[-72.8722,40.8006]]]}},{"type":"Feature","properties":{"name":"ESAT-1","id":"1223"},"geometry":{"type":"MultiLineString","coordinates":[[[-6.585,52.1717],[-5.6987,50.0762]]]}},{"type":"Feature","properties":{"name":"ESAT-2","id":"1224"},"geometry":{"type":"MultiLineString","coordinates":[[[-6.2154,53.3317],[-4.8735,53.7911],[-3.0064,53.648]]]}},{"type":"Feature","properties":{"name":"Estepona-Tetouan","id":"1251"},"geometry":{"type":"MultiLineString","coordinates":[[[-5.3918,35.5659],[-5.1756,35.7424],[-5.1459,36.4274]]]}},{"type":"Feature","properties":{"name":"Eurafrica","id":"1127"},"geometry":{"type":"MultiLineString","coordinates":[[[-9.1028,38.4431],[-9.7649,38.2959]]]}},{"type":"Feature","properties":{"name":"Eurafrica","id":"1127"},"geometry":{"type":"MultiLineString","coordinates":[[[-7.6111,33.5872],[-10.0875,36.4953],[-9.7649,38.2959],[-9.7649,44.7161],[-1.9459,46.7204]]]}},{"type":"Feature","properties":{"name":"Eurafrica","id":"1127"},"geometry":{"type":"MultiLineString","coordinates":[[[-16.905,32.6475],[-16.5204,32.6473],[-10.0875,36.4953]]]}},{"type":"Feature","properties":{"name":"EUROPA","id":"1708"},"geometry":{"type":"MultiLineString","coordinates":[[[35.4852,33.8927],[35.0834,33.8881],[33.8885,34.4937],[33.6106,34.8273]]]}},{"type":"Feature","properties":{"name":"Europe India Gateway (EIG)","id":"1580"},"geometry":{"type":"MultiLineString","coordinates":[[[-5.3477,35.9367],[-5.3476,36.1561]]]}},{"type":"Feature","properties":{"name":"Europe India Gateway (EIG)","id":"1580"},"geometry":{"type":"MultiLineString","coordinates":[[[38.4298,21.9594],[39.1828,21.4815]]]}},{"type":"Feature","properties":{"name":"Europe India Gateway (EIG)","id":"1580"},"geometry":{"type":"MultiLineString","coordinates":[[[44.4854,12.0051],[43.148,11.5948]]]}},{"type":"Feature","properties":{"name":"Europe India Gateway (EIG)","id":"1580"},"geometry":{"type":"MultiLineString","coordinates":[[[32.6532,29.1135],[33.4228,28.292],[33.8965,27.7631],[34.1361,27.6738],[34.8041,27.6324],[38.4298,21.9594],[42.9619,14.5388],[42.806,13.9729],[43.7506,12.3617],[44.2639,12.3765],[44.4854,12.0051],[44.6207,11.7783],[44.8778,11.7607],[62.9144,16.584],[72.5658,19.0888],[72.8759,19.0761]]]}},{"type":"Feature","properties":{"name":"Europe India Gateway (EIG)","id":"1580"},"geometry":{"type":"MultiLineString","coordinates":[[[-4.5444,50.8282],[-14.058,48.2662],[-14.058,36.2268],[-5.3477,35.9367],[-2.1602,36.2168],[2.3076,38.0987],[8.6633,38.1134]]]}},{"type":"Feature","properties":{"name":"Europe India Gateway (EIG)","id":"1580"},"geometry":{"type":"MultiLineString","coordinates":[[[8.6633,38.1134],[10.6864,38.1182],[11.7692,37.8925],[12.7656,36.8859],[13.2853,36.5071],[11.9865,35.4683],[13.0376,34.5752],[17.1846,34.0243],[17.2749,33.8555],[27.8491,32.3424],[29.7009,31.0723],[30.1886,30.2621],[31.4892,29.6569],[32.6532,29.1135]]]}},{"type":"Feature","properties":{"name":"Europe India Gateway (EIG)","id":"1580"},"geometry":{"type":"MultiLineString","coordinates":[[[56.3337,25.1217],[58.0045,23.6796],[58.1977,25.0759],[60.8099,24.738],[62.9144,16.584]]]}},{"type":"Feature","properties":{"name":"Europe India Gateway (EIG)","id":"1580"},"geometry":{"type":"MultiLineString","coordinates":[[[29.7009,31.0723],[30.2394,30.3448],[31.54,29.74],[32.6532,29.1135]]]}},{"type":"Feature","properties":{"name":"Europe India Gateway (EIG)","id":"1580"},"geometry":{"type":"MultiLineString","coordinates":[[[13.9705,34.4559],[13.1874,32.8776]]]}},{"type":"Feature","properties":{"name":"Europe India Gateway (EIG)","id":"1580"},"geometry":{"type":"MultiLineString","coordinates":[[[7.4267,43.7383],[7.9237,39.3497],[8.6633,38.1134]]]}},{"type":"Feature","properties":{"name":"Europe India Gateway (EIG)","id":"1580"},"geometry":{"type":"MultiLineString","coordinates":[[[-14.0543,36.7556],[-10.4788,37.6477],[-9.1028,38.4431]]]}},{"type":"Feature","properties":{"name":"FARICE-1","id":"1240"},"geometry":{"type":"MultiLineString","coordinates":[[[-6.928,62.2441],[-6.7907,62.9887]]]}},{"type":"Feature","properties":{"name":"FARICE-1","id":"1240"},"geometry":{"type":"MultiLineString","coordinates":[[[-3.3462,58.6154],[-4.9772,58.7472],[-6.5834,59.9558],[-5.6203,62.3143],[-9.1045,64.2366],[-14.0181,65.2508]]]}},{"type":"Feature","properties":{"name":"Fehmarn Bält","id":"1336"},"geometry":{"type":"MultiLineString","coordinates":[[[11.2126,54.4961],[11.3586,54.6631]]]}},{"type":"Feature","properties":{"name":"Fiber Optic Gulf (FOG)","id":"1209"},"geometry":{"type":"MultiLineString","coordinates":[[[51.0948,27.0954],[50.576,26.2295]]]}},{"type":"Feature","properties":{"name":"Fiber Optic Gulf (FOG)","id":"1209"},"geometry":{"type":"MultiLineString","coordinates":[[[48.0713,29.2709],[49.4367,28.4772],[53.3397,25.3103],[55.3086,25.2693]]]}},{"type":"Feature","properties":{"name":"Fiber Optic Gulf (FOG)","id":"1209"},"geometry":{"type":"MultiLineString","coordinates":[[[51.8708,26.5126],[51.5193,25.2946]]]}},{"type":"Feature","properties":{"name":"Fibralink","id":"1361"},"geometry":{"type":"MultiLineString","coordinates":[[[-74.196,19.375],[-73.896,18.7568],[-72.8344,18.5347],[-72.5103,18.5604],[-72.3431,18.5428]]]}},{"type":"Feature","properties":{"name":"Fibralink","id":"1361"},"geometry":{"type":"MultiLineString","coordinates":[[[-76.6666,17.9498],[-75.8771,17.4507],[-74.8742,18.2163],[-74.196,19.375]]]}},{"type":"Feature","properties":{"name":"Fibralink","id":"1361"},"geometry":{"type":"MultiLineString","coordinates":[[[-74.196,19.375],[-73.6409,20.3172],[-71.3537,20.3132],[-70.6912,19.7994]]]}},{"type":"Feature","properties":{"name":"Finland Estonia Connection (FEC)","id":"1242"},"geometry":{"type":"MultiLineString","coordinates":[[[24.9325,60.1712],[24.7119,59.7653],[24.7525,59.4237],[24.9863,59.7909],[24.9325,60.1712]]]}},{"type":"Feature","properties":{"name":"Finland-Estonia 2 (EESF-2)","id":"1263"},"geometry":{"type":"MultiLineString","coordinates":[[[24.7525,59.4364],[25.1282,59.7884],[24.9325,60.1712]]]}},{"type":"Feature","properties":{"name":"Finland-Estonia 3 (EESF-3)","id":"1268"},"geometry":{"type":"MultiLineString","coordinates":[[[24.2767,59.401],[24.5798,59.7716],[24.9325,60.1712]]]}},{"type":"Feature","properties":{"name":"FLAG Atlantic-1 (FA-1)","id":"1028"},"geometry":{"type":"MultiLineString","coordinates":[[[-73.656,40.6006],[-57.3313,33.8023],[-19.2096,42.2842],[-3.6367,49.1557],[-2.7678,48.5349],[-3.5176,49.3691],[-5.6749,50.0639]]]}},{"type":"Feature","properties":{"name":"FLAG Atlantic-1 (FA-1)","id":"1028"},"geometry":{"type":"MultiLineString","coordinates":[[[-5.6749,50.0639],[-19.1863,46.4384],[-57.1899,38.6892],[-72.8052,40.8191]]]}},{"type":"Feature","properties":{"name":"FLAG Europe-Asia (FEA)","id":"1027"},"geometry":{"type":"MultiLineString","coordinates":[[[29.8935,31.1915],[30.4937,30.757],[31.7943,30.1548],[32.5299,29.9726]]]}},{"type":"Feature","properties":{"name":"FLAG Europe-Asia (FEA)","id":"1027"},"geometry":{"type":"MultiLineString","coordinates":[[[100.0662,6.6135],[99.6873,6.7735],[99.5326,6.7537],[98.9634,6.617]]]}},{"type":"Feature","properties":{"name":"FLAG Europe-Asia (FEA)","id":"1027"},"geometry":{"type":"MultiLineString","coordinates":[[[138.8728,30.2875],[139.2554,35.2995]]]}},{"type":"Feature","properties":{"name":"FLAG Europe-Asia (FEA)","id":"1027"},"geometry":{"type":"MultiLineString","coordinates":[[[-5.6545,50.0432],[-12.1833,46.4882],[-12.1911,37.9572],[-9.2636,34.8261],[-5.3476,36.1561],[-2.169,36.1014],[2.312,37.9634],[10.7269,38.0064],[12.8367,38.5566],[13.3587,38.1161],[12.8184,38.4698],[11.8903,38.2083],[12.0194,37.4625],[11.243,36.65],[13.26,34.9701],[28.8922,32.8081],[29.8935,31.1915],[30.4428,30.6747],[31.7434,30.072],[32.5299,29.9726],[32.6532,29.1135],[33.7549,27.7782],[34.3035,27.3762],[38.0153,21.567],[42.5562,14.1325],[42.5587,13.9527],[43.6168,12.1697],[43.7523,12.1273],[44.3797,11.0688],[46.8493,11.1012],[64.1702,15.5289]]]}},{"type":"Feature","properties":{"name":"FLAG Europe-Asia (FEA)","id":"1027"},"geometry":{"type":"MultiLineString","coordinates":[[[64.1702,15.5289],[70.7689,17.1921],[72.6272,18.8583],[72.8759,19.0761]]]}},{"type":"Feature","properties":{"name":"FLAG Europe-Asia (FEA)","id":"1027"},"geometry":{"type":"MultiLineString","coordinates":[[[39.1879,21.4841],[38.0153,21.567]]]}},{"type":"Feature","properties":{"name":"FLAG Europe-Asia (FEA)","id":"1027"},"geometry":{"type":"MultiLineString","coordinates":[[[35.0071,29.532],[34.3035,27.3762]]]}},{"type":"Feature","properties":{"name":"FLAG Europe-Asia (FEA)","id":"1027"},"geometry":{"type":"MultiLineString","coordinates":[[[-5.1459,36.4274],[-4.8934,36.1482]]]}},{"type":"Feature","properties":{"name":"FLAG Europe-Asia (FEA)","id":"1027"},"geometry":{"type":"MultiLineString","coordinates":[[[56.3337,25.1217],[61.9334,23.6523],[64.1702,15.5289]]]}},{"type":"Feature","properties":{"name":"FLAG Europe-Asia (FEA)","id":"1027"},"geometry":{"type":"MultiLineString","coordinates":[[[128.6208,34.8808],[128.7402,32.4291],[127.4974,29.2767]]]}},{"type":"Feature","properties":{"name":"FLAG Europe-Asia (FEA)","id":"1027"},"geometry":{"type":"MultiLineString","coordinates":[[[127.4974,29.2767],[123.9029,19.6186],[118.6233,20.5006],[113.9492,22.2715],[108.9569,8.0328],[100.5997,7.0759],[100.0662,6.6135]]]}},{"type":"Feature","properties":{"name":"FLAG Europe-Asia (FEA)","id":"1027"},"geometry":{"type":"MultiLineString","coordinates":[[[139.6208,35.144],[138.8728,30.2875],[135.5398,29.132],[128.8879,30.4172],[128.9337,32.3903],[128.6208,34.8808]]]}},{"type":"Feature","properties":{"name":"FLAG Europe-Asia (FEA)","id":"1027"},"geometry":{"type":"MultiLineString","coordinates":[[[98.9634,6.617],[96.436,8.8889],[82.0536,4.6535],[75.9385,7.4789],[72.3622,17.2855],[72.7846,18.823],[72.8759,19.0761]]]}},{"type":"Feature","properties":{"name":"FLAG Europe-Asia (FEA)","id":"1027"},"geometry":{"type":"MultiLineString","coordinates":[[[121.4726,31.2475],[127.4974,29.2767]]]}},{"type":"Feature","properties":{"name":"FLAG Europe-Asia (FEA)","id":"1027"},"geometry":{"type":"MultiLineString","coordinates":[[[100.363,5.3538],[98.9634,6.617]]]}},{"type":"Feature","properties":{"name":"FLAG FALCON","id":"1346"},"geometry":{"type":"MultiLineString","coordinates":[[[48.5318,29.9237],[48.6046,29.0239]]]}},{"type":"Feature","properties":{"name":"FLAG FALCON","id":"1346"},"geometry":{"type":"MultiLineString","coordinates":[[[60.6274,25.2587],[59.7482,23.7103]]]}},{"type":"Feature","properties":{"name":"FLAG FALCON","id":"1346"},"geometry":{"type":"MultiLineString","coordinates":[[[52.1825,16.213],[53.0283,13.8133]]]}},{"type":"Feature","properties":{"name":"FLAG FALCON","id":"1346"},"geometry":{"type":"MultiLineString","coordinates":[[[43.0086,14.6856],[42.4596,14.5679]]]}},{"type":"Feature","properties":{"name":"FLAG FALCON","id":"1346"},"geometry":{"type":"MultiLineString","coordinates":[[[39.1828,21.4815],[38.7054,20.7131],[37.2196,19.6156]]]}},{"type":"Feature","properties":{"name":"FLAG FALCON","id":"1346"},"geometry":{"type":"MultiLineString","coordinates":[[[72.8759,19.0761],[72.609,19.0319],[70.3935,18.4006],[62.2691,16.2699],[60.2869,23.5076],[58.9368,24.015],[58.1762,23.6849],[57.2787,25.5203],[56.743,26.9732],[56.2742,27.1873],[56.2742,26.7684],[55.2575,26.1512],[53.8492,26.2046],[48.4628,29.0991],[47.9748,29.3741],[49.4802,28.1102],[50.2142,26.2854],[50.6535,26.7349],[50.576,26.2295],[51.5877,26.259],[51.5193,25.2946],[52.6002,25.9685],[55.1495,25.9242],[55.3086,25.2693],[55.3655,25.9242],[56.1651,26.4108],[56.2014,26.4108],[56.2468,26.1814],[56.3605,26.4089],[56.4685,26.4089],[58.1762,23.6849],[58.902,23.8751],[59.612,23.5815],[61.6296,16.1047],[53.0283,13.8133]]]}},{"type":"Feature","properties":{"name":"FLAG FALCON","id":"1346"},"geometry":{"type":"MultiLineString","coordinates":[[[53.0283,13.8133],[44.3027,11.4652],[43.8778,12.1822],[43.6487,12.2074],[42.613,13.9714],[42.6545,14.2335],[42.4596,14.5679],[38.7054,20.7131],[34.4298,27.424],[33.7693,27.879],[32.904,29.0205],[32.5407,29.9742]]]}},{"type":"Feature","properties":{"name":"FLAG FALCON","id":"1346"},"geometry":{"type":"MultiLineString","coordinates":[[[48.5318,29.9237],[48.3187,29.1747]]]}},{"type":"Feature","properties":{"name":"FLAG North Asia Loop/REACH North Asia Loop","id":"1150"},"geometry":{"type":"MultiLineString","coordinates":[[[118.2281,20.2813],[113.9321,22.2276],[118.4093,21.1925],[123.1872,20.4406],[124.5949,23.5524],[121.8015,24.8634],[129.6591,22.3016],[143.2113,31.2342],[140.0168,35.036],[141.359,31.3196],[135.5598,29.359],[129.9515,30.3701],[128.9995,35.1704],[129.1873,22.2478],[124.8622,19.1957],[118.2281,20.2813]]]}},{"type":"Feature","properties":{"name":"Gemini Bermuda","id":"1551"},"geometry":{"type":"MultiLineString","coordinates":[[[-74.0471,40.1236],[-65.2876,33.2767],[-64.8107,32.2477]]]}},{"type":"Feature","properties":{"name":"Geo-Eirgrid","id":"1685"},"geometry":{"type":"MultiLineString","coordinates":[[[-6.1659,53.5265],[-5.658,53.7652],[-3.3308,53.452],[-3.0276,53.2017]]]}},{"type":"Feature","properties":{"name":"Georgia-Russia","id":"1192"},"geometry":{"type":"MultiLineString","coordinates":[[[37.7728,44.7237],[38.4824,43.8491],[39.7261,43.6155],[40.2335,42.6714],[41.6676,42.1467]]]}},{"type":"Feature","properties":{"name":"Germany-Denmark 2","id":"1200"},"geometry":{"type":"MultiLineString","coordinates":[[[12.4314,54.2437],[11.9401,54.5772]]]}},{"type":"Feature","properties":{"name":"Germany-Netherlands","id":"1330"},"geometry":{"type":"MultiLineString","coordinates":[[[7.2018,53.5956],[5.3176,53.589],[4.1565,52.9346],[4.2932,52.7408],[4.7462,52.6347]]]}},{"type":"Feature","properties":{"name":"GLO-1","id":"1357"},"geometry":{"type":"MultiLineString","coordinates":[[[-4.5444,50.8282],[-13.1879,48.168],[-13.1614,37.9585],[-13.088,28.293],[-19.2238,20.2846],[-19.2081,14.6381],[-19.2076,14.4423],[-10.2973,1.9505],[3.4235,1.9431],[3.4235,6.4391]]]}},{"type":"Feature","properties":{"name":"GLO-1","id":"1357"},"geometry":{"type":"MultiLineString","coordinates":[[[-0.2043,5.5583],[-0.641,1.9267]]]}},{"type":"Feature","properties":{"name":"Global Caribbean Network (GCN)","id":"1619"},"geometry":{"type":"MultiLineString","coordinates":[[[-62.8334,17.9001],[-63.0501,18.0929]]]}},{"type":"Feature","properties":{"name":"Global Caribbean Network (GCN)","id":"1619"},"geometry":{"type":"MultiLineString","coordinates":[[[-61.2547,13.1879],[-61.3616,13.1363],[-61.873,12.2943],[-61.7109,12.188]]]}},{"type":"Feature","properties":{"name":"Global Caribbean Network (GCN)","id":"1619"},"geometry":{"type":"MultiLineString","coordinates":[[[-60.9866,14.0324],[-61.0947,14.0324],[-61.3507,13.5059],[-61.3628,13.2409],[-61.2547,13.1879]]]}},{"type":"Feature","properties":{"name":"Global Caribbean Network (GCN)","id":"1619"},"geometry":{"type":"MultiLineString","coordinates":[[[-64.7692,18.227],[-65.3097,18.227],[-65.7619,18.5676],[-66.1067,18.4661]]]}},{"type":"Feature","properties":{"name":"Global Caribbean Network (GCN)","id":"1619"},"geometry":{"type":"MultiLineString","coordinates":[[[-64.8193,17.774],[-64.4949,17.8775],[-61.2842,14.2224]]]}},{"type":"Feature","properties":{"name":"Global Caribbean Network (GCN)","id":"1619"},"geometry":{"type":"MultiLineString","coordinates":[[[-61.2842,14.2224],[-60.9866,14.0324]]]}},{"type":"Feature","properties":{"name":"Global Caribbean Network (GCN)","id":"1619"},"geometry":{"type":"MultiLineString","coordinates":[[[-61.2841,14.2223],[-60.7434,14.2223],[-59.6074,13.0845]]]}},{"type":"Feature","properties":{"name":"Global Caribbean Network (GCN)","id":"1619"},"geometry":{"type":"MultiLineString","coordinates":[[[-61.716,16.0289],[-61.7546,15.6901],[-61.5007,15.3081],[-61.3925,15.3081],[-61.5007,15.2031],[-61.4185,14.6154],[-61.0942,14.6154]]]}},{"type":"Feature","properties":{"name":"Global Caribbean Network (GCN)","id":"1619"},"geometry":{"type":"MultiLineString","coordinates":[[[-62.7298,17.2986],[-62.9987,17.0833]]]}},{"type":"Feature","properties":{"name":"Global Caribbean Network (GCN)","id":"1619"},"geometry":{"type":"MultiLineString","coordinates":[[[-61.8579,17.0514],[-61.9808,16.9484],[-61.8511,16.0289],[-61.716,16.0289]]]}},{"type":"Feature","properties":{"name":"Global Caribbean Network (GCN)","id":"1619"},"geometry":{"type":"MultiLineString","coordinates":[[[-61.0942,14.6154],[-61.2707,14.4977],[-60.9866,14.0324]]]}},{"type":"Feature","properties":{"name":"Global Caribbean Network (GCN)","id":"1619"},"geometry":{"type":"MultiLineString","coordinates":[[[-61.7109,12.188],[-61.8731,12.0816],[-61.6493,10.6877]]]}},{"type":"Feature","properties":{"name":"Global Caribbean Network (GCN)","id":"1619"},"geometry":{"type":"MultiLineString","coordinates":[[[-64.8193,17.774],[-64.7692,18.227]]]}},{"type":"Feature","properties":{"name":"Global Caribbean Network (GCN)","id":"1619"},"geometry":{"type":"MultiLineString","coordinates":[[[-64.7692,18.227],[-64.1459,18.227],[-63.0501,18.0929],[-63.1641,17.2606],[-61.8809,15.8809],[-61.716,16.0289],[-61.6078,15.8928],[-61.5264,15.9888],[-61.5548,16.243]]]}},{"type":"Feature","properties":{"name":"GlobeNet","id":"1076"},"geometry":{"type":"MultiLineString","coordinates":[[[-43.2096,-22.9035],[-40.3219,-23.7264],[-31.6244,-11.9554],[-31.6244,-4.2355],[-33.9021,-2.4048],[-38.543,-3.7187]]]}},{"type":"Feature","properties":{"name":"GlobeNet","id":"1076"},"geometry":{"type":"MultiLineString","coordinates":[[[-80.089,26.3506],[-74.1805,25.2278],[-68.0728,19.065],[-68.1911,15.6615],[-66.9604,10.5996],[-64.4792,11.5197],[-51.0864,11.5197],[-38.6851,0.1926],[-38.543,-3.7187]]]}},{"type":"Feature","properties":{"name":"GlobeNet","id":"1076"},"geometry":{"type":"MultiLineString","coordinates":[[[-68.1911,15.6615],[-74.6206,12.6131],[-74.7798,10.9404]]]}},{"type":"Feature","properties":{"name":"GlobeNet","id":"1076"},"geometry":{"type":"MultiLineString","coordinates":[[[-80.089,26.3506],[-72.4662,33.5999],[-74.3378,39.6039],[-64.7734,32.3197],[-53.1626,19.1003],[-36.0482,1.4178],[-38.543,-3.7187],[-33.6744,-1.3354],[-30.6375,-3.7779],[-30.6375,-12.2386],[-39.5799,-24.3038],[-43.2096,-22.9035]]]}},{"type":"Feature","properties":{"name":"GlobeNet Segment 5 (Bermuda-U.S.)","id":"1715"},"geometry":{"type":"MultiLineString","coordinates":[[[-74.3378,39.6039],[-73.8119,38.8218],[-65.9161,32.7704],[-64.7734,32.3197]]]}},{"type":"Feature","properties":{"name":"GO-1 Mediterranean Cable System","id":"1581"},"geometry":{"type":"MultiLineString","coordinates":[[[12.5914,37.6505],[12.577,36.854],[13.7539,36.0012],[14.4119,35.9506]]]}},{"type":"Feature","properties":{"name":"Gondwana-1","id":"1514"},"geometry":{"type":"MultiLineString","coordinates":[[[151.207,-33.8696],[166.3418,-22.3004]]]}},{"type":"Feature","properties":{"name":"Greece-Western Europe Network (GWEN)","id":"1383"},"geometry":{"type":"MultiLineString","coordinates":[[[16.8688,41.1257],[19.218,40.6538],[19.218,40.0339],[19.924,39.7541],[18.6974,39.7541],[18.6974,40.5715],[16.8688,41.1257]]]}},{"type":"Feature","properties":{"name":"Greenland Connect","id":"1569"},"geometry":{"type":"MultiLineString","coordinates":[[[-46.0354,60.719],[-46.6032,59.7736]]]}},{"type":"Feature","properties":{"name":"Greenland Connect","id":"1569"},"geometry":{"type":"MultiLineString","coordinates":[[[-53.965,48.8646],[-51.2918,49.338],[-51.73,64.1813],[-49.5671,60.0943],[-43.5795,59.4349],[-20.1418,63.6424]]]}},{"type":"Feature","properties":{"name":"Guam Okinama Kyushu Incheon (GOKI)","id":"1692"},"geometry":{"type":"MultiLineString","coordinates":[[[127.6809,26.2124],[127.6809,33.5468],[129.7011,34.0332],[130.4572,34.0332],[131.0319,33.8396]]]}},{"type":"Feature","properties":{"name":"Guam Okinama Kyushu Incheon (GOKI)","id":"1692"},"geometry":{"type":"MultiLineString","coordinates":[[[144.8004,13.5137],[127.578,25.9896],[127.6809,26.2124]]]}},{"type":"Feature","properties":{"name":"Guernsey-Jersey-4","id":"1702"},"geometry":{"type":"MultiLineString","coordinates":[[[-2.2014,49.248],[-2.5581,49.4233]]]}},{"type":"Feature","properties":{"name":"Gulf Bridge International Cable System (GBICS)/Middle East North Africa (MENA) Cable System","id":"1598"},"geometry":{"type":"MultiLineString","coordinates":[[[56.3337,25.1217],[58.2406,24.1069],[60.0151,23.1449],[69.143,21.2674],[72.8759,19.0761]]]}},{"type":"Feature","properties":{"name":"Gulf Bridge International Cable System (GBICS)/Middle East North Africa (MENA) Cable System","id":"1598"},"geometry":{"type":"MultiLineString","coordinates":[[[50.6562,26.2416],[51.7335,26.6905]]]}},{"type":"Feature","properties":{"name":"Gulf Bridge International Cable System (GBICS)/Middle East North Africa (MENA) Cable System","id":"1598"},"geometry":{"type":"MultiLineString","coordinates":[[[50.2142,26.2854],[50.7404,27.6677]]]}},{"type":"Feature","properties":{"name":"Gulf Bridge International Cable System (GBICS)/Middle East North Africa (MENA) Cable System","id":"1598"},"geometry":{"type":"MultiLineString","coordinates":[[[49.3266,29.0105],[49.1405,28.8467]]]}},{"type":"Feature","properties":{"name":"Gulf Bridge International Cable System (GBICS)/Middle East North Africa (MENA) Cable System","id":"1598"},"geometry":{"type":"MultiLineString","coordinates":[[[56.3337,25.1217],[56.697,25.7458],[56.5044,26.4871],[56.1305,26.4871],[55.3115,25.9889],[52.5034,26.0418],[51.452,25.539],[52.0411,26.4028],[51.7335,26.6905],[50.7404,27.6677],[49.1405,28.8467],[47.9748,29.3741]]]}},{"type":"Feature","properties":{"name":"Gulf Bridge International Cable System (GBICS)/Middle East North Africa (MENA) Cable System","id":"1598"},"geometry":{"type":"MultiLineString","coordinates":[[[56.3337,25.1217],[57.099,25.4228],[56.6291,26.7574],[56.0962,26.7574],[55.2575,26.2486],[53.8686,26.2964],[49.3266,29.0105],[48.5318,29.9237]]]}},{"type":"Feature","properties":{"name":"Gulf Bridge International Cable System (GBICS)/Middle East North Africa (MENA) Cable System","id":"1598"},"geometry":{"type":"MultiLineString","coordinates":[[[58.1762,23.6849],[58.2406,24.1069]]]}},{"type":"Feature","properties":{"name":"Gulf Bridge International Cable System (GBICS)/Middle East North Africa (MENA) Cable System","id":"1598"},"geometry":{"type":"MultiLineString","coordinates":[[[50.8427,28.9703],[50.3802,28.387]]]}},{"type":"Feature","properties":{"name":"HANNIBAL System","id":"1621"},"geometry":{"type":"MultiLineString","coordinates":[[[11.0909,36.8498],[11.6601,36.4266],[12.5914,37.6505]]]}},{"type":"Feature","properties":{"name":"HANTRU1 Cable System","id":"1605"},"geometry":{"type":"MultiLineString","coordinates":[[[144.6947,13.4647],[146.1623,12.7269],[167.4058,9.1865]]]}},{"type":"Feature","properties":{"name":"HANTRU1 Cable System","id":"1605"},"geometry":{"type":"MultiLineString","coordinates":[[[164.7997,9.623],[171.1963,7.0777]]]}},{"type":"Feature","properties":{"name":"HANTRU1 Cable System","id":"1605"},"geometry":{"type":"MultiLineString","coordinates":[[[159.0817,7.7281],[157.6768,10.8122]]]}},{"type":"Feature","properties":{"name":"Hawk","id":"1523"},"geometry":{"type":"MultiLineString","coordinates":[[[32.5757,34.6926],[29.6456,32.8419],[28.2563,32.4408]]]}},{"type":"Feature","properties":{"name":"Hawk","id":"1523"},"geometry":{"type":"MultiLineString","coordinates":[[[5.3725,43.2936],[8.2027,37.2729],[11.2033,37.268],[11.4535,37.0454],[11.1674,36.7367],[11.252,36.2979],[13.1452,34.7003],[17.2819,34.1496],[17.3827,33.9787],[28.2563,32.4408],[29.8935,31.1915]]]}},{"type":"Feature","properties":{"name":"Hibernia Atlantic","id":"1080"},"geometry":{"type":"MultiLineString","coordinates":[[[-6.6762,55.1309],[-6.0828,55.3327]]]}},{"type":"Feature","properties":{"name":"Hibernia Atlantic","id":"1080"},"geometry":{"type":"MultiLineString","coordinates":[[[-70.9635,42.4452],[-64.3338,43.0082],[-63.5725,44.6532],[-60.3007,43.6716],[-56.4537,44.9378],[-10.5377,59.3846],[-4.8307,54.1772],[-4.9551,53.9227],[-3.0064,53.648],[-6.2483,53.3481],[-5.393,53.1638],[-5.1713,52.0347],[-9.2687,50.5493],[-19.0211,49.4697],[-56.991,42.3188],[-63.5725,44.6532]]]}},{"type":"Feature","properties":{"name":"Hibernia Express","id":"1673"},"geometry":{"type":"MultiLineString","coordinates":[[[-3.0108,51.2937],[-4.3441,51.3974],[-18.9491,48.8082],[-57.0811,41.539],[-63.5758,44.6462]]]}},{"type":"Feature","properties":{"name":"High-capacity Undersea Guernsey Optical-fibre (HUGO)","id":"1697"},"geometry":{"type":"MultiLineString","coordinates":[[[-2.5582,49.4269],[-2.5582,49.374],[-3.4599,48.8734],[-3.4599,48.7306]]]}},{"type":"Feature","properties":{"name":"High-capacity Undersea Guernsey Optical-fibre (HUGO)","id":"1697"},"geometry":{"type":"MultiLineString","coordinates":[[[-2.5375,49.5095],[-5.6545,49.9204],[-5.6545,50.0432]]]}},{"type":"Feature","properties":{"name":"Hokkaido-Sakhalin Cable System (HSCS)","id":"1528"},"geometry":{"type":"MultiLineString","coordinates":[[[141.3154,43.1712],[140.5892,45.7041],[141.8593,46.6848]]]}},{"type":"Feature","properties":{"name":"Honotua","id":"1556"},"geometry":{"type":"MultiLineString","coordinates":[[[-155.8563,20.0037],[-156.2915,18.7013],[-149.4411,-17.5122]]]}},{"type":"Feature","properties":{"name":"i2i Cable Network (i2icn)","id":"1179"},"geometry":{"type":"MultiLineString","coordinates":[[[103.6461,1.3386],[103.5069,1.2313]]]}},{"type":"Feature","properties":{"name":"i2i Cable Network (i2icn)","id":"1179"},"geometry":{"type":"MultiLineString","coordinates":[[[103.5069,1.2313],[103.0397,1.3979],[91.0138,12.5554],[80.243,13.0639]]]}},{"type":"Feature","properties":{"name":"IMEWE","id":"1536"},"geometry":{"type":"MultiLineString","coordinates":[[[28.5892,32.3625],[29.8935,31.1915],[30.7482,31.1673],[32.0488,30.5677],[32.5299,29.9726]]]}},{"type":"Feature","properties":{"name":"IMEWE","id":"1536"},"geometry":{"type":"MultiLineString","coordinates":[[[38.4056,21.7373],[39.1828,21.4815]]]}},{"type":"Feature","properties":{"name":"IMEWE","id":"1536"},"geometry":{"type":"MultiLineString","coordinates":[[[56.3337,25.1217],[62.1627,23.8149],[64.3352,16.1899]]]}},{"type":"Feature","properties":{"name":"IMEWE","id":"1536"},"geometry":{"type":"MultiLineString","coordinates":[[[67.0286,24.8897],[67.8073,17.0859]]]}},{"type":"Feature","properties":{"name":"IMEWE","id":"1536"},"geometry":{"type":"MultiLineString","coordinates":[[[67.8073,17.0859],[70.5427,17.7889],[72.5782,18.8878],[72.8759,19.0761]]]}},{"type":"Feature","properties":{"name":"IMEWE","id":"1536"},"geometry":{"type":"MultiLineString","coordinates":[[[35.8592,34.4397],[32.2955,32.8157],[28.5892,32.3625]]]}},{"type":"Feature","properties":{"name":"IMEWE","id":"1536"},"geometry":{"type":"MultiLineString","coordinates":[[[15.0674,37.5134],[16.6924,35.1212]]]}},{"type":"Feature","properties":{"name":"IMEWE","id":"1536"},"geometry":{"type":"MultiLineString","coordinates":[[[5.3725,43.2936],[8.3548,37.427],[11.3995,37.4197],[13.6359,35.5778],[16.6924,35.1212],[17.4804,34.0941],[28.324,32.5989],[28.5892,32.3625]]]}},{"type":"Feature","properties":{"name":"IMEWE","id":"1536"},"geometry":{"type":"MultiLineString","coordinates":[[[32.5299,29.9726],[32.8922,28.9731],[33.883,27.8148],[34.6794,27.5558],[38.4056,21.7373],[42.8893,14.412],[42.7041,13.9527],[43.682,12.2953],[44.0976,12.3049],[44.4683,11.6754],[45.8117,11.3443],[64.3352,16.1898]]]}},{"type":"Feature","properties":{"name":"IMEWE","id":"1536"},"geometry":{"type":"MultiLineString","coordinates":[[[64.3352,16.1898],[67.8073,17.0859]]]}},{"type":"Feature","properties":{"name":"IMEWE","id":"1536"},"geometry":{"type":"MultiLineString","coordinates":[[[32.5299,29.9726],[32.0997,30.6501],[30.7991,31.2492],[29.8935,31.1915]]]}},{"type":"Feature","properties":{"name":"INGRID","id":"1700"},"geometry":{"type":"MultiLineString","coordinates":[[[-2.0213,49.2252],[-1.65,49.2833]]]}},{"type":"Feature","properties":{"name":"INGRID","id":"1700"},"geometry":{"type":"MultiLineString","coordinates":[[[-2.5294,49.451],[-2.2014,49.2656],[-2.2014,49.248]]]}},{"type":"Feature","properties":{"name":"Interchange Cable Network (ICN)","id":"1682"},"geometry":{"type":"MultiLineString","coordinates":[[[168.3229,-17.7305],[178.4266,-18.1516]]]}},{"type":"Feature","properties":{"name":"Italy-Albania","id":"1296"},"geometry":{"type":"MultiLineString","coordinates":[[[16.8688,41.1257],[18.1468,41.3169],[19.45,41.3169]]]}},{"type":"Feature","properties":{"name":"Italy-Croatia","id":"1286"},"geometry":{"type":"MultiLineString","coordinates":[[[12.2442,45.4961],[12.3321,45.4333],[13.5203,45.4333]]]}},{"type":"Feature","properties":{"name":"Italy-Greece 1","id":"1299"},"geometry":{"type":"MultiLineString","coordinates":[[[18.4858,40.1483],[18.4858,39.6195],[19.9196,39.6195]]]}},{"type":"Feature","properties":{"name":"Italy-Libya","id":"1287"},"geometry":{"type":"MultiLineString","coordinates":[[[12.5914,37.6505],[13.1874,32.8776]]]}},{"type":"Feature","properties":{"name":"Italy-Malta","id":"1301"},"geometry":{"type":"MultiLineString","coordinates":[[[15.0674,37.5134],[15.5597,37.0697],[15.0501,36.2824],[14.4881,35.8919]]]}},{"type":"Feature","properties":{"name":"Italy-Monaco","id":"1302"},"geometry":{"type":"MultiLineString","coordinates":[[[7.4267,43.7383],[8.1829,43.7383],[8.4838,44.3058]]]}},{"type":"Feature","properties":{"name":"ITUR","id":"1300"},"geometry":{"type":"MultiLineString","coordinates":[[[13.3585,38.1214],[13.5747,38.2921],[14.6231,38.7206],[15.7044,38.7206],[15.7044,38.2957],[15.5191,38.051],[15.5191,37.7081],[23.2877,35.9923],[24.6873,36.599],[24.9272,36.8423],[24.9272,37.1026],[25.214,37.4615],[25.3692,37.5852],[25.192,39.6913],[26.2433,40.0642],[26.3303,40.1098],[26.364,40.1444],[26.3587,40.1945],[26.4777,40.2626],[26.5839,40.3254],[26.7412,40.4729],[27.2421,40.5715],[27.5664,40.7362],[28.6304,40.9275],[28.9882,41.0406]]]}},{"type":"Feature","properties":{"name":"ITUR","id":"1300"},"geometry":{"type":"MultiLineString","coordinates":[[[28.9882,41.0406],[29.2045,41.3672],[32.8027,43.4901]]]}},{"type":"Feature","properties":{"name":"ITUR","id":"1300"},"geometry":{"type":"MultiLineString","coordinates":[[[30.6742,46.4825],[30.9984,46.1829],[32.8027,43.4901],[37.6646,44.492],[37.7728,44.7237]]]}},{"type":"Feature","properties":{"name":"JAKABARE","id":"1597"},"geometry":{"type":"MultiLineString","coordinates":[[[104.3913,1.376],[104.9295,1.4128]]]}},{"type":"Feature","properties":{"name":"JAKABARE","id":"1597"},"geometry":{"type":"MultiLineString","coordinates":[[[103.9871,1.3895],[104.2016,1.3288]]]}},{"type":"Feature","properties":{"name":"JAKABARE","id":"1597"},"geometry":{"type":"MultiLineString","coordinates":[[[107.121,-1.1376],[107.121,-5.9811]]]}},{"type":"Feature","properties":{"name":"JAKABARE","id":"1597"},"geometry":{"type":"MultiLineString","coordinates":[[[104.3263,1.1958],[104.1333,1.1736]]]}},{"type":"Feature","properties":{"name":"JAKABARE","id":"1597"},"geometry":{"type":"MultiLineString","coordinates":[[[104.9295,1.4128],[104.3263,1.1958]]]}},{"type":"Feature","properties":{"name":"JAKABARE","id":"1597"},"geometry":{"type":"MultiLineString","coordinates":[[[104.9295,1.4128],[105.7732,1.4707],[107.121,-1.1376],[109.1823,-0.0614]]]}},{"type":"Feature","properties":{"name":"JAKABARE","id":"1597"},"geometry":{"type":"MultiLineString","coordinates":[[[104.2016,1.3288],[104.3913,1.376]]]}},{"type":"Feature","properties":{"name":"Janna","id":"1729"},"geometry":{"type":"MultiLineString","coordinates":[[[9.4869,40.9228],[11.7969,42.0914]]]}},{"type":"Feature","properties":{"name":"Janna","id":"1729"},"geometry":{"type":"MultiLineString","coordinates":[[[9.1094,39.2157],[9.3255,38.8787],[11.6191,37.8221],[12.5914,37.6505]]]}},{"type":"Feature","properties":{"name":"Japan-U.S. Cable Network (JUS)","id":"1010"},"geometry":{"type":"MultiLineString","coordinates":[[[-179.9999,39.9092],[-139.2502,39.9092],[-123.687,38.9694],[-123.8731,38.466],[-121.9058,35.4854],[-120.8472,35.3671],[-139.2502,25.1603],[-147.0278,25.1603],[-158.206,21.4606],[-179.9999,24.9762]]]}},{"type":"Feature","properties":{"name":"Japan-U.S. Cable Network (JUS)","id":"1010"},"geometry":{"type":"MultiLineString","coordinates":[[[179.9999,24.9802],[138.9638,31.3855],[136.874,34.3368]]]}},{"type":"Feature","properties":{"name":"Japan-U.S. Cable Network (JUS)","id":"1010"},"geometry":{"type":"MultiLineString","coordinates":[[[140.751,36.8018],[157.2114,39.9092],[179.9999,39.9125]]]}},{"type":"Feature","properties":{"name":"Japan-U.S. Cable Network (JUS)","id":"1010"},"geometry":{"type":"MultiLineString","coordinates":[[[140.751,36.8018],[141.1614,35.488],[140.3843,34.7519],[139.7362,34.7519],[139.7362,34.9899],[139.817,35.0375],[139.6718,35.0013],[139.2189,33.3933],[138.7095,33.2088],[136.874,34.3368]]]}},{"type":"Feature","properties":{"name":"Jonah","id":"1677"},"geometry":{"type":"MultiLineString","coordinates":[[[34.7697,32.045],[32.154,33.2119],[23.0052,34.5578],[18.7838,39.6195],[18.7838,40.6436],[16.8688,41.1257]]]}},{"type":"Feature","properties":{"name":"KAFOS","id":"1333"},"geometry":{"type":"MultiLineString","coordinates":[[[28.9882,41.0406],[28.9882,41.3672],[28.4179,41.8842],[27.9854,41.8842]]]}},{"type":"Feature","properties":{"name":"KAFOS","id":"1333"},"geometry":{"type":"MultiLineString","coordinates":[[[27.9145,43.202],[28.5633,43.202],[28.8044,43.4959],[28.5882,43.81]]]}},{"type":"Feature","properties":{"name":"KAFOS","id":"1333"},"geometry":{"type":"MultiLineString","coordinates":[[[27.9854,41.8842],[28.2017,42.2066],[28.1308,42.8848],[27.9145,43.202]]]}},{"type":"Feature","properties":{"name":"Kattegat 1","id":"1218"},"geometry":{"type":"MultiLineString","coordinates":[[[10.5167,57.331],[10.8879,57.4876],[12.0762,57.4876]]]}},{"type":"Feature","properties":{"name":"Kattegat 2","id":"1688"},"geometry":{"type":"MultiLineString","coordinates":[[[10.5147,57.2449],[10.967,57.2726],[10.967,56.2643],[10.601,55.8586],[12.2903,56.6833],[12.6833,56.6833]]]}},{"type":"Feature","properties":{"name":"Kodiak Kenai Fiber Link (KKFL)","id":"1530"},"geometry":{"type":"MultiLineString","coordinates":[[[-149.4477,60.1101],[-152.329,57.4244],[-151.9941,57.9046],[-152.3952,57.7944],[-151.8315,58.1734],[-152.6143,59.3312],[-151.5442,59.6465],[-151.9047,59.6835],[-152.0497,59.8237],[-151.5639,60.4126],[-151.2687,60.5531],[-151.5919,60.7091],[-151.5919,60.8675],[-149.8584,61.2176]]]}},{"type":"Feature","properties":{"name":"Korea-Japan Cable Network (KJCN)","id":"1231"},"geometry":{"type":"MultiLineString","coordinates":[[[131.0319,33.8396],[130.5965,34.4209],[128.9995,35.1704],[129.95,34.5187],[130.4017,33.5903]]]}},{"type":"Feature","properties":{"name":"Kuwait-Iran","id":"1250"},"geometry":{"type":"MultiLineString","coordinates":[[[49.4363,29.487],[49.4781,29.0728]]]}},{"type":"Feature","properties":{"name":"Kuwait-Iran","id":"1250"},"geometry":{"type":"MultiLineString","coordinates":[[[50.2812,29.5523],[50.3121,29.246]]]}},{"type":"Feature","properties":{"name":"Kuwait-Iran","id":"1250"},"geometry":{"type":"MultiLineString","coordinates":[[[47.9748,29.3741],[49.4363,29.487],[50.2812,29.5523],[50.5212,29.5708]]]}},{"type":"Feature","properties":{"name":"Latvia-Sweden 1 (LV-SE 1)","id":"1270"},"geometry":{"type":"MultiLineString","coordinates":[[[21.5701,57.3897],[17.9466,58.6225],[17.9466,58.9031]]]}},{"type":"Feature","properties":{"name":"Lev Submarine System","id":"1065"},"geometry":{"type":"MultiLineString","coordinates":[[[34.7697,32.045],[31.3679,32.8469]]]}},{"type":"Feature","properties":{"name":"Lev Submarine System","id":"1065"},"geometry":{"type":"MultiLineString","coordinates":[[[12.5914,37.6505],[12.3494,36.469],[13.5678,35.4226],[31.3793,32.8469],[32.4667,34.7666]]]}},{"type":"Feature","properties":{"name":"LFON (Libyan Fiber Optic Network)","id":"1184"},"geometry":{"type":"MultiLineString","coordinates":[[[12.0834,32.9336],[12.0834,33.3092],[12.4218,33.3092],[12.5299,32.7749],[12.6379,33.3092],[12.9713,33.3092],[13.1874,32.8776],[13.2684,33.3092],[14.1565,33.3092],[14.2645,32.65],[14.3726,33.3092],[14.6634,33.3092],[15.3677,32.7568],[15.095,32.3746],[15.5258,32.6324],[16.6843,31.7473],[16.5884,31.2056],[16.8894,31.6891],[18.5415,31.2192],[18.412,30.587],[18.7465,31.1607],[19.3619,30.9967],[19.5765,30.3784],[19.5765,30.9544],[19.5765,32.025],[20.0667,32.1169],[19.5765,32.2089],[19.5765,33.105],[20.842,33.105],[20.95,32.717],[21.058,33.105],[21.6337,33.105],[21.7417,32.8821],[21.8497,33.105],[22.5311,33.1088],[22.6391,32.7637],[22.7472,33.105],[23.9604,32.447],[23.9604,32.0799]]]}},{"type":"Feature","properties":{"name":"Libreville-Port Gentil Cable","id":"1747"},"geometry":{"type":"MultiLineString","coordinates":[[[8.7817,-0.7206],[8.4576,-0.3944],[9.0204,0.266],[9.4543,0.3944]]]}},{"type":"Feature","properties":{"name":"Loukkos","id":"1714"},"geometry":{"type":"MultiLineString","coordinates":[[[-6.0357,35.4706],[-6.4678,35.4706],[-6.6823,36.2679],[-6.3582,36.617]]]}},{"type":"Feature","properties":{"name":"Lower Indian Ocean Network (LION)","id":"1594"},"geometry":{"type":"MultiLineString","coordinates":[[[57.5102,-20.0775],[55.5478,-20.8973],[51.6345,-19.1852],[49.4002,-18.1461]]]}},{"type":"Feature","properties":{"name":"Lower Indian Ocean Network 2 (LION2)","id":"1667"},"geometry":{"type":"MultiLineString","coordinates":[[[39.7002,-4.0502],[43.8362,-4.9004],[52.9283,-15.7279],[51.6345,-19.1852]]]}},{"type":"Feature","properties":{"name":"Lower Indian Ocean Network 2 (LION2)","id":"1667"},"geometry":{"type":"MultiLineString","coordinates":[[[48.223,-10.1921],[45.1658,-12.8171]]]}},{"type":"Feature","properties":{"name":"Main One","id":"1565"},"geometry":{"type":"MultiLineString","coordinates":[[[-9.1074,38.6427],[-10.4278,34.7959],[-10.1062,33.8491],[-14.3825,28.8969],[-14.3825,28.0378],[-20.3162,20.3061],[-20.3162,14.3944],[-10.6465,0.7325],[3.1154,0.7325],[3.4235,6.4391]]]}},{"type":"Feature","properties":{"name":"Main One","id":"1565"},"geometry":{"type":"MultiLineString","coordinates":[[[-0.2043,5.5583],[0.308,0.7325]]]}},{"type":"Feature","properties":{"name":"Matrix Cable System","id":"1535"},"geometry":{"type":"MultiLineString","coordinates":[[[104.1662,1.2306],[104.02,1.2126],[103.9626,1.1347]]]}},{"type":"Feature","properties":{"name":"Matrix Cable System","id":"1535"},"geometry":{"type":"MultiLineString","coordinates":[[[107.0269,-4.5747],[106.8334,-6.1715]]]}},{"type":"Feature","properties":{"name":"Matrix Cable System","id":"1535"},"geometry":{"type":"MultiLineString","coordinates":[[[105.6409,1.2366],[107.0269,-1.4021],[107.0269,-4.5747]]]}},{"type":"Feature","properties":{"name":"Matrix Cable System","id":"1535"},"geometry":{"type":"MultiLineString","coordinates":[[[104.347,1.2532],[104.1662,1.2306]]]}},{"type":"Feature","properties":{"name":"Matrix Cable System","id":"1535"},"geometry":{"type":"MultiLineString","coordinates":[[[104.1945,1.3092],[104.3824,1.3515]]]}},{"type":"Feature","properties":{"name":"Matrix Cable System","id":"1535"},"geometry":{"type":"MultiLineString","coordinates":[[[104.3824,1.3515],[105.5532,1.4037],[105.6409,1.2366]]]}},{"type":"Feature","properties":{"name":"Matrix Cable System","id":"1535"},"geometry":{"type":"MultiLineString","coordinates":[[[105.6409,1.2366],[104.347,1.2532]]]}},{"type":"Feature","properties":{"name":"Matrix Cable System","id":"1535"},"geometry":{"type":"MultiLineString","coordinates":[[[103.9871,1.3895],[104.1945,1.3092]]]}},{"type":"Feature","properties":{"name":"Maya-1","id":"1071"},"geometry":{"type":"MultiLineString","coordinates":[[[-87.9462,15.845],[-84.7821,19.0195]]]}},{"type":"Feature","properties":{"name":"Maya-1","id":"1071"},"geometry":{"type":"MultiLineString","coordinates":[[[-83.0377,9.9886],[-80.3921,14.4387]]]}},{"type":"Feature","properties":{"name":"Maya-1","id":"1071"},"geometry":{"type":"MultiLineString","coordinates":[[[-86.7676,21.0957],[-86.1079,21.3599]]]}},{"type":"Feature","properties":{"name":"Maya-1","id":"1071"},"geometry":{"type":"MultiLineString","coordinates":[[[-80.1602,26.0106],[-79.6482,24.6146],[-81.0665,24.075],[-83.5112,24.075],[-86.1079,21.6689],[-86.1079,21.3599],[-86.1079,20.3689],[-84.7821,19.0195],[-83.0036,17.2036],[-80.3921,14.4387],[-77.9509,11.8679],[-75.5587,9.4964]]]}},{"type":"Feature","properties":{"name":"Maya-1","id":"1071"},"geometry":{"type":"MultiLineString","coordinates":[[[-83.0036,17.2036],[-81.1668,19.283]]]}},{"type":"Feature","properties":{"name":"Maya-1","id":"1071"},"geometry":{"type":"MultiLineString","coordinates":[[[-79.7536,9.4376],[-77.9509,11.8679]]]}},{"type":"Feature","properties":{"name":"Med Cable Network","id":"1366"},"geometry":{"type":"MultiLineString","coordinates":[[[7.7554,36.9028],[6.9744,39.0642]]]}},{"type":"Feature","properties":{"name":"Med Cable Network","id":"1366"},"geometry":{"type":"MultiLineString","coordinates":[[[6.9744,39.0642],[5.3725,43.2936]]]}},{"type":"Feature","properties":{"name":"Med Cable Network","id":"1366"},"geometry":{"type":"MultiLineString","coordinates":[[[6.9744,39.0642],[3.0357,36.7621],[1.1907,36.7016],[-0.642,35.7016]]]}},{"type":"Feature","properties":{"name":"MedNautilus Submarine System","id":"1185"},"geometry":{"type":"MultiLineString","coordinates":[[[28.9882,41.0406],[28.2835,40.7445],[27.6706,40.5714],[27.2044,40.5173],[26.7554,40.4557],[26.644,40.3754],[26.5929,40.3174],[26.5166,40.2768],[26.4478,40.2237],[26.3722,40.1945],[26.3762,40.1468],[26.3442,40.1046],[26.2461,40.0557],[25.3002,39.6913]]]}},{"type":"Feature","properties":{"name":"MedNautilus Submarine System","id":"1185"},"geometry":{"type":"MultiLineString","coordinates":[[[25.3002,39.6913],[25.5969,37.4101],[25.4121,37.3007],[25.0376,37.2363],[24.6072,37.2865],[24.3198,37.2247],[23.927,37.2419],[23.7303,37.6465],[23.7362,37.9761]]]}},{"type":"Feature","properties":{"name":"MedNautilus Submarine System","id":"1185"},"geometry":{"type":"MultiLineString","coordinates":[[[25.895,36.653],[24.7574,36.4628],[24.0371,36.5905],[23.6782,37.6548],[23.7362,37.9761]]]}},{"type":"Feature","properties":{"name":"MedNautilus Submarine System","id":"1185"},"geometry":{"type":"MultiLineString","coordinates":[[[26.0323,35.7148],[24.0122,35.512],[15.0674,37.5134]]]}},{"type":"Feature","properties":{"name":"MedNautilus Submarine System","id":"1185"},"geometry":{"type":"MultiLineString","coordinates":[[[33.9328,33.1861],[33.6106,34.8273]]]}},{"type":"Feature","properties":{"name":"MedNautilus Submarine System","id":"1185"},"geometry":{"type":"MultiLineString","coordinates":[[[24.0122,35.512],[23.6206,37.6548],[23.7362,37.9761]]]}},{"type":"Feature","properties":{"name":"MedNautilus Submarine System","id":"1185"},"geometry":{"type":"MultiLineString","coordinates":[[[15.0674,37.5134],[16.8933,35.1097],[32.2014,32.8742],[34.7697,32.045],[34.2775,32.5995],[34.9989,32.8116]]]}},{"type":"Feature","properties":{"name":"MedNautilus Submarine System","id":"1185"},"geometry":{"type":"MultiLineString","coordinates":[[[34.9989,32.8116],[26.4771,35.7594],[26.0323,35.7148]]]}},{"type":"Feature","properties":{"name":"MedNautilus Submarine System","id":"1185"},"geometry":{"type":"MultiLineString","coordinates":[[[28.9882,41.0406],[28.3059,40.7274],[27.6788,40.5524],[27.1801,40.4957],[26.755,40.4374],[26.6771,40.3798],[26.6056,40.3078],[26.5317,40.2627],[26.4817,40.2214],[26.3887,40.1917],[26.3908,40.1324],[26.3482,40.0867],[26.26,40.0424],[26.0982,39.9778],[25.4351,39.7073],[25.6811,38.7831],[25.8819,37.4472],[26.2134,37.073],[26.2134,36.8996],[25.895,36.653],[26.0323,35.7148]]]}},{"type":"Feature","properties":{"name":"Melita 1","id":"1602"},"geometry":{"type":"MultiLineString","coordinates":[[[14.4587,35.9342],[14.8539,36.7339]]]}},{"type":"Feature","properties":{"name":"Mid-Atlantic Crossing (MAC)","id":"1070"},"geometry":{"type":"MultiLineString","coordinates":[[[-73.4771,34.8312],[-80.1602,26.0106],[-71.808,30.6121],[-64.8193,17.774],[-72.9123,40.7736],[-73.4771,34.8312]]]}},{"type":"Feature","properties":{"name":"Middle East North Africa (MENA) Cable System/Gulf Bridge International","id":"1558"},"geometry":{"type":"MultiLineString","coordinates":[[[12.5914,37.6505],[11.4269,36.3372],[13.2013,34.838],[28.7675,32.6849],[29.7009,31.0723]]]}},{"type":"Feature","properties":{"name":"Middle East North Africa (MENA) Cable System/Gulf Bridge International","id":"1558"},"geometry":{"type":"MultiLineString","coordinates":[[[37.6853,21.3513],[39.1828,21.4815]]]}},{"type":"Feature","properties":{"name":"Middle East North Africa (MENA) Cable System/Gulf Bridge International","id":"1558"},"geometry":{"type":"MultiLineString","coordinates":[[[29.7009,31.0723],[30.3411,30.5099],[31.6417,29.9061],[32.6532,29.1135]]]}},{"type":"Feature","properties":{"name":"Middle East North Africa (MENA) Cable System/Gulf Bridge International","id":"1558"},"geometry":{"type":"MultiLineString","coordinates":[[[32.6532,29.1135],[33.7863,27.4241],[37.6853,21.3513],[42.1982,13.9607],[42.4404,13.9339],[43.5242,12.1318],[43.4153,11.9305],[43.4687,11.8298],[43.831,11.2135],[61.988,16.0505],[60.0151,23.1449],[58.2406,24.1069],[58.1762,23.6849]]]}},{"type":"Feature","properties":{"name":"Middle East North Africa (MENA) Cable System/Gulf Bridge International","id":"1558"},"geometry":{"type":"MultiLineString","coordinates":[[[29.7009,31.0723],[30.2903,30.4273],[31.5909,29.8231],[32.6532,29.1135]]]}},{"type":"Feature","properties":{"name":"Moratelindo International Cable System-1 (MIC-1)","id":"1561"},"geometry":{"type":"MultiLineString","coordinates":[[[103.9871,1.3895],[103.9626,1.1347]]]}},{"type":"Feature","properties":{"name":"NorSea Com","id":"1203"},"geometry":{"type":"MultiLineString","coordinates":[[[1.7293,52.4688],[2.3334,54.2667],[3.3954,56.2783],[3.2099,56.5492],[2.8473,57.1114],[2.6851,58.9228],[5.5245,59.2793]]]}},{"type":"Feature","properties":{"name":"NorthStar","id":"1166"},"geometry":{"type":"MultiLineString","coordinates":[[[-134.7473,58.5511],[-134.8954,58.4981],[-134.9838,58.4916],[-135.0389,58.4602],[-135.0527,58.4136],[-135.0292,58.3655],[-135.0148,58.3058],[-135.0148,58.2388],[-135.0639,58.1868],[-135.175,58.1792],[-135.2713,58.199],[-135.3523,58.2228],[-135.4474,58.2876],[-135.5459,58.3295],[-135.6318,58.3579],[-135.7696,58.3602],[-135.8834,58.3437],[-135.987,58.3271],[-136.113,58.301],[-136.284,58.2886],[-136.3921,58.2745],[-136.4776,58.2409],[-136.5506,58.1985],[-136.8713,58.1452],[-141.0519,55.7943]]]}},{"type":"Feature","properties":{"name":"NorthStar","id":"1166"},"geometry":{"type":"MultiLineString","coordinates":[[[-123.8111,45.8252],[-126.5405,47.8508],[-141.0519,55.7943],[-148.7595,59.4558]]]}},{"type":"Feature","properties":{"name":"NorthStar","id":"1166"},"geometry":{"type":"MultiLineString","coordinates":[[[-148.6847,60.773],[-148.5212,60.7691],[-148.4135,60.7862],[-148.3139,60.7772],[-148.1975,60.7763],[-148.0996,60.7524],[-148.0827,60.7256],[-148.0608,60.6912],[-148.0564,60.6588],[-147.8757,60.6064],[-147.6338,60.6025],[-147.5057,60.5745],[-147.4952,60.4851],[-147.568,60.3118],[-147.6405,60.2512],[-147.7625,60.1187],[-147.7888,60.024],[-147.8942,59.9623],[-148.0093,59.8779],[-148.0813,59.8394],[-148.2013,59.7748],[-148.7595,59.4558]]]}},{"type":"Feature","properties":{"name":"NorthStar","id":"1166"},"geometry":{"type":"MultiLineString","coordinates":[[[-146.3534,61.1304],[-146.5593,61.1092],[-146.6595,61.0674],[-146.801,60.9659],[-146.8201,60.9192],[-146.859,60.8588],[-147.0698,60.7877],[-147.3299,60.7787],[-147.5308,60.7664],[-147.6833,60.7651],[-147.7874,60.7646],[-147.8899,60.7659],[-148.0282,60.7565],[-148.2105,60.7881],[-148.3224,60.7874],[-148.3868,60.791],[-148.4731,60.7835],[-148.5182,60.7775],[-148.6847,60.773]]]}},{"type":"Feature","properties":{"name":"OMRAN/EPEG Cable System","id":"1695"},"geometry":{"type":"MultiLineString","coordinates":[[[56.258,25.617],[57.3239,24.4208],[58.0045,23.6796]]]}},{"type":"Feature","properties":{"name":"OMRAN/EPEG Cable System","id":"1695"},"geometry":{"type":"MultiLineString","coordinates":[[[56.2468,26.1814],[56.3282,26.4355],[56.4898,26.4355],[56.5709,25.7908],[56.258,25.617]]]}},{"type":"Feature","properties":{"name":"OMRAN/EPEG Cable System","id":"1695"},"geometry":{"type":"MultiLineString","coordinates":[[[57.7973,25.6813],[57.7973,25.1908],[57.3239,24.4208]]]}},{"type":"Feature","properties":{"name":"OptiKor","id":"1694"},"geometry":{"type":"MultiLineString","coordinates":[[[174.7705,-36.8841],[173.8654,-37.1716],[151.8227,-34.3654],[151.207,-33.8696]]]}},{"type":"Feature","properties":{"name":"Pacific Caribbean Cable System (PCCS)","id":"1727"},"geometry":{"type":"MultiLineString","coordinates":[[[-64.5972,18.4145],[-64.2189,18.7758]]]}},{"type":"Feature","properties":{"name":"Pacific Caribbean Cable System (PCCS)","id":"1727"},"geometry":{"type":"MultiLineString","coordinates":[[[-70.0499,12.6169],[-70.8276,14.186]]]}},{"type":"Feature","properties":{"name":"Pacific Caribbean Cable System (PCCS)","id":"1727"},"geometry":{"type":"MultiLineString","coordinates":[[[-66.5155,19.4742],[-66.1067,18.4661]]]}},{"type":"Feature","properties":{"name":"Pacific Caribbean Cable System (PCCS)","id":"1727"},"geometry":{"type":"MultiLineString","coordinates":[[[-76.1312,11.6583],[-75.5058,10.3868]]]}},{"type":"Feature","properties":{"name":"Pacific Caribbean Cable System (PCCS)","id":"1727"},"geometry":{"type":"MultiLineString","coordinates":[[[-79.5666,8.9503],[-78.5236,6.9768],[-82.728,0.3383],[-80.7162,-0.9497]]]}},{"type":"Feature","properties":{"name":"Pacific Caribbean Cable System (PCCS)","id":"1727"},"geometry":{"type":"MultiLineString","coordinates":[[[-81.6557,30.3322],[-75.8406,26.972],[-66.5155,19.4742],[-64.9537,19.4742],[-64.2189,18.7758],[-63.7384,18.3174],[-63.7468,17.516],[-70.8276,14.186],[-76.1312,11.6583],[-78.656,10.4464],[-79.7535,9.4377]]]}},{"type":"Feature","properties":{"name":"Pacific Crossing-1 (PC-1)","id":"1007"},"geometry":{"type":"MultiLineString","coordinates":[[[179.9999,31.1864],[156.6603,31.1968],[139.1779,31.5226],[136.874,34.3368],[138.8579,32.112],[142.6572,33.3905],[140.6124,36.3835],[142.4279,35.0461],[157.1232,44.2519],[179.9999,44.2519]]]}},{"type":"Feature","properties":{"name":"Pacific Crossing-1 (PC-1)","id":"1007"},"geometry":{"type":"MultiLineString","coordinates":[[[-179.9999,44.2519],[-139.2502,44.2519],[-125.8957,48.4104],[-122.9791,48.4101],[-122.3021,47.8863],[-122.9791,48.2661],[-125.8958,48.266],[-127.9703,41.2275],[-123.6254,34.7397],[-120.6215,35.121],[-139.2502,31.1864],[-179.9999,31.1864]]]}},{"type":"Feature","properties":{"name":"Pan American (PAN-AM)","id":"1073"},"geometry":{"type":"MultiLineString","coordinates":[[[-64.8825,17.4398],[-64.9729,17.6301],[-64.9729,17.774],[-64.8193,17.774]]]}},{"type":"Feature","properties":{"name":"Pan American (PAN-AM)","id":"1073"},"geometry":{"type":"MultiLineString","coordinates":[[[-70.0106,15.0327],[-69.964,12.5183],[-70.3771,12.0887],[-70.2043,11.7088]]]}},{"type":"Feature","properties":{"name":"Pan American (PAN-AM)","id":"1073"},"geometry":{"type":"MultiLineString","coordinates":[[[-64.8825,17.4398],[-64.269,17.7257],[-64.269,18.0879],[-64.9044,18.3245]]]}},{"type":"Feature","properties":{"name":"Pan American (PAN-AM)","id":"1073"},"geometry":{"type":"MultiLineString","coordinates":[[[-80.9144,-2.2729],[-82.5158,-2.1311]]]}},{"type":"Feature","properties":{"name":"Pan American (PAN-AM)","id":"1073"},"geometry":{"type":"MultiLineString","coordinates":[[[-64.8825,17.4398],[-70.0106,15.0327],[-75.0442,12.6429],[-74.7798,10.9404],[-75.9899,12.2192],[-79.2287,10.665],[-79.8939,9.3563]]]}},{"type":"Feature","properties":{"name":"Pan American (PAN-AM)","id":"1073"},"geometry":{"type":"MultiLineString","coordinates":[[[-70.3068,-18.4735],[-79.0379,-19.2596],[-80.0449,-14.4115],[-76.8743,-12.2784],[-80.6169,-11.6075],[-82.802,-0.6909],[-78.1135,6.7159],[-79.5367,8.9647]]]}},{"type":"Feature","properties":{"name":"Pan European Crossing (UK-Belgium)","id":"1539"},"geometry":{"type":"MultiLineString","coordinates":[[[1.441,51.3586],[2.9619,51.2467]]]}},{"type":"Feature","properties":{"name":"Pan European Crossing (UK-Ireland)","id":"1547"},"geometry":{"type":"MultiLineString","coordinates":[[[-6.5588,52.1842],[-5.7252,50.7205],[-5.6985,50.0787]]]}},{"type":"Feature","properties":{"name":"Pan European Crossing (UK-Ireland)","id":"1547"},"geometry":{"type":"MultiLineString","coordinates":[[[-4.5444,50.8282],[-6.3649,52.4018]]]}},{"type":"Feature","properties":{"name":"Pan-American Crossing (PAC)","id":"1072"},"geometry":{"type":"MultiLineString","coordinates":[[[-120.6215,35.121],[-121.1431,32.8642],[-119.523,30.7895]]]}},{"type":"Feature","properties":{"name":"Pan-American Crossing (PAC)","id":"1072"},"geometry":{"type":"MultiLineString","coordinates":[[[-119.523,30.7895],[-112.2455,20.9311]]]}},{"type":"Feature","properties":{"name":"Pan-American Crossing (PAC)","id":"1072"},"geometry":{"type":"MultiLineString","coordinates":[[[-85.6208,7.3777],[-84.4522,9.5259]]]}},{"type":"Feature","properties":{"name":"Pan-American Crossing (PAC)","id":"1072"},"geometry":{"type":"MultiLineString","coordinates":[[[-108.8791,19.2676],[-85.6208,7.3777]]]}},{"type":"Feature","properties":{"name":"Pan-American Crossing (PAC)","id":"1072"},"geometry":{"type":"MultiLineString","coordinates":[[[-106.4219,23.1997],[-108.8791,19.2676]]]}},{"type":"Feature","properties":{"name":"Pan-American Crossing (PAC)","id":"1072"},"geometry":{"type":"MultiLineString","coordinates":[[[-85.6208,7.3777],[-81.4012,5.1693],[-79.4929,8.1674],[-79.5466,8.9341]]]}},{"type":"Feature","properties":{"name":"Pan-American Crossing (PAC)","id":"1072"},"geometry":{"type":"MultiLineString","coordinates":[[[-119.523,30.7895],[-117.0383,32.531]]]}},{"type":"Feature","properties":{"name":"Pan-American Crossing (PAC)","id":"1072"},"geometry":{"type":"MultiLineString","coordinates":[[[-112.2455,20.9311],[-108.8791,19.2676]]]}},{"type":"Feature","properties":{"name":"Pangea Baltic Ring","id":"1624"},"geometry":{"type":"MultiLineString","coordinates":[[[22.2978,59.5481],[19.1193,59.4316],[18.0627,59.3323],[19.1193,59.4866],[24.4401,59.7894],[24.9325,60.1712],[24.7525,59.4364],[22.2978,59.5481]]]}},{"type":"Feature","properties":{"name":"Pangea North","id":"1099"},"geometry":{"type":"MultiLineString","coordinates":[[[-1.0681,54.6141],[8.5055,55.4589]]]}},{"type":"Feature","properties":{"name":"Pangea South","id":"1622"},"geometry":{"type":"MultiLineString","coordinates":[[[1.7293,52.4714],[4.7462,52.6347]]]}},{"type":"Feature","properties":{"name":"Pencan-6","id":"1448"},"geometry":{"type":"MultiLineString","coordinates":[[[-16.5386,28.0467],[-15.4384,28.773],[-11.0949,33.8627],[-11.2614,34.9149],[-9.5151,35.7449],[-6.0871,36.2768]]]}},{"type":"Feature","properties":{"name":"Pencan-8","id":"1701"},"geometry":{"type":"MultiLineString","coordinates":[[[-6.3091,36.5327],[-9.6233,35.833],[-11.4776,35.0039],[-11.3111,33.9528],[-15.5465,28.8682],[-15.9405,28.3451],[-16.5228,28.293]]]}},{"type":"Feature","properties":{"name":"Persona","id":"1577"},"geometry":{"type":"MultiLineString","coordinates":[[[-58.6865,47.6176],[-60.1354,46.2515]]]}},{"type":"Feature","properties":{"name":"PGASCOM","id":"1680"},"geometry":{"type":"MultiLineString","coordinates":[[[103.4668,-0.8166],[103.9041,-0.4611],[103.8423,0.3054]]]}},{"type":"Feature","properties":{"name":"PGASCOM","id":"1680"},"geometry":{"type":"MultiLineString","coordinates":[[[103.706,1.2593],[103.9626,1.1347]]]}},{"type":"Feature","properties":{"name":"PGASCOM","id":"1680"},"geometry":{"type":"MultiLineString","coordinates":[[[103.8423,0.3054],[103.5972,0.738]]]}},{"type":"Feature","properties":{"name":"PGASCOM","id":"1680"},"geometry":{"type":"MultiLineString","coordinates":[[[103.7214,1.165],[103.9626,1.1347]]]}},{"type":"Feature","properties":{"name":"PGASCOM","id":"1680"},"geometry":{"type":"MultiLineString","coordinates":[[[103.5972,0.738],[103.7214,1.165]]]}},{"type":"Feature","properties":{"name":"Pipe Pacific Cable-1 (PPC-1)","id":"1520"},"geometry":{"type":"MultiLineString","coordinates":[[[145.7848,-5.2337],[147.7159,-4.8442]]]}},{"type":"Feature","properties":{"name":"Pipe Pacific Cable-1 (PPC-1)","id":"1520"},"geometry":{"type":"MultiLineString","coordinates":[[[151.207,-33.8696],[154.4329,-31.0264],[154.3996,-11.9894],[147.813,-5.5996],[144.6947,13.4647]]]}},{"type":"Feature","properties":{"name":"Pishgaman Oman Iran (POI) Network","id":"1689"},"geometry":{"type":"MultiLineString","coordinates":[[[60.6329,25.2959],[58.0045,23.6796]]]}},{"type":"Feature","properties":{"name":"Pishgaman Oman Iran (POI) Network","id":"1689"},"geometry":{"type":"MultiLineString","coordinates":[[[57.7973,25.6813],[57.9593,25.1908],[58.0045,23.6796]]]}},{"type":"Feature","properties":{"name":"Qatar-UAE Submarine Cable System","id":"1254"},"geometry":{"type":"MultiLineString","coordinates":[[[51.5193,25.2946],[52.4202,25.6689],[52.866,25.1526],[54.4191,24.444]]]}},{"type":"Feature","properties":{"name":"Russia-Japan Cable Network (RJCN)","id":"1518"},"geometry":{"type":"MultiLineString","coordinates":[[[132.874,42.8127],[136.3919,39.7214],[138.242,37.1701],[136.8561,39.9165],[132.874,42.8127]]]}},{"type":"Feature","properties":{"name":"SAFE","id":"1220"},"geometry":{"type":"MultiLineString","coordinates":[[[41.2747,-35.7575],[54.0482,-21],[54.4743,-20.474],[57.4855,-20.474],[58.7955,-20.474]]]}},{"type":"Feature","properties":{"name":"SAFE","id":"1220"},"geometry":{"type":"MultiLineString","coordinates":[[[31.758,-28.9506],[33.7842,-35.7575]]]}},{"type":"Feature","properties":{"name":"SAFE","id":"1220"},"geometry":{"type":"MultiLineString","coordinates":[[[54.0482,-21],[55.2792,-21],[58.3634,-21],[58.7955,-20.474],[74.5195,-0.4376],[96.2016,6.2341],[100.363,5.3538]]]}},{"type":"Feature","properties":{"name":"SAFE","id":"1220"},"geometry":{"type":"MultiLineString","coordinates":[[[76.2696,9.9384],[75.8801,0.0151]]]}},{"type":"Feature","properties":{"name":"SAFE","id":"1220"},"geometry":{"type":"MultiLineString","coordinates":[[[18.4459,-33.7272],[18.897,-35.7575],[41.2747,-35.7575]]]}},{"type":"Feature","properties":{"name":"Saint Maarten Puerto Rico Network One (SMPR-1)","id":"1245"},"geometry":{"type":"MultiLineString","coordinates":[[[-66.0169,18.4418],[-65.597,19.3072],[-64.1243,19.2392],[-63.0737,18.0311]]]}},{"type":"Feature","properties":{"name":"Samoa-American Samoa (SAS)","id":"1620"},"geometry":{"type":"MultiLineString","coordinates":[[[-171.7667,-13.8335],[-170.6957,-14.2766]]]}},{"type":"Feature","properties":{"name":"SAT-3/WASC","id":"1219"},"geometry":{"type":"MultiLineString","coordinates":[[[-0.2043,5.5583],[-0.2184,1.1745]]]}},{"type":"Feature","properties":{"name":"SAT-3/WASC","id":"1219"},"geometry":{"type":"MultiLineString","coordinates":[[[-17.4457,14.6867],[-19.9381,16.1487]]]}},{"type":"Feature","properties":{"name":"SAT-3/WASC","id":"1219"},"geometry":{"type":"MultiLineString","coordinates":[[[-4.0262,5.3235],[-4.0465,1.1745]]]}},{"type":"Feature","properties":{"name":"SAT-3/WASC","id":"1219"},"geometry":{"type":"MultiLineString","coordinates":[[[-9.1028,38.4431],[-10.191,34.7684],[-9.7,33.323],[-14.7262,27.1307],[-19.9381,20.2675],[-19.9381,16.1487],[-19.9381,14.4257],[-10.5552,1.1745],[-4.0465,1.1745],[-0.2184,1.1745],[2.3201,1.1745],[3.7831,1.1745],[5.2818,1.1745],[6.4534,-0.7845],[8.3618,-3.9727],[8.4045,-11.047],[8.3618,-24.1148],[16.6772,-33.4117],[18.4459,-33.7272]]]}},{"type":"Feature","properties":{"name":"SAT-3/WASC","id":"1219"},"geometry":{"type":"MultiLineString","coordinates":[[[3.4235,6.4391],[3.7831,1.1745]]]}},{"type":"Feature","properties":{"name":"SAT-3/WASC","id":"1219"},"geometry":{"type":"MultiLineString","coordinates":[[[6.4534,-0.7845],[8.9124,0.3747],[9.4543,0.3944]]]}},{"type":"Feature","properties":{"name":"SAT-3/WASC","id":"1219"},"geometry":{"type":"MultiLineString","coordinates":[[[13.3724,-8.7766],[8.4045,-11.047]]]}},{"type":"Feature","properties":{"name":"SAT-3/WASC","id":"1219"},"geometry":{"type":"MultiLineString","coordinates":[[[-14.7262,27.1307],[-15.8625,27.8079],[-15.8625,27.9428],[-15.6999,27.9998]]]}},{"type":"Feature","properties":{"name":"SAT-3/WASC","id":"1219"},"geometry":{"type":"MultiLineString","coordinates":[[[2.3201,1.1745],[2.4401,6.3567]]]}},{"type":"Feature","properties":{"name":"SAT-3/WASC","id":"1219"},"geometry":{"type":"MultiLineString","coordinates":[[[9.7064,4.0474],[5.2818,1.1745]]]}},{"type":"Feature","properties":{"name":"Saudi Arabia-Sudan-1 (SAS-1)","id":"1247"},"geometry":{"type":"MultiLineString","coordinates":[[[37.2196,19.6156],[39.1828,21.4815]]]}},{"type":"Feature","properties":{"name":"Saudi Arabia-Sudan-2 (SAS-2)","id":"1675"},"geometry":{"type":"MultiLineString","coordinates":[[[37.2196,19.6156],[37.6406,20.9416],[39.1828,21.4815]]]}},{"type":"Feature","properties":{"name":"Scandinavian Ring North","id":"1544"},"geometry":{"type":"MultiLineString","coordinates":[[[12.6405,56.0707],[12.6958,56.0439],[12.6703,56.0055],[12.6133,56.0333],[12.6405,56.0707]]]}},{"type":"Feature","properties":{"name":"Scandinavian Ring South","id":"1545"},"geometry":{"type":"MultiLineString","coordinates":[[[12.6703,55.5938],[12.8169,55.5877],[12.9188,55.5568],[12.7956,55.5448],[12.6703,55.5938]]]}},{"type":"Feature","properties":{"name":"Seabras-1","id":"1728"},"geometry":{"type":"MultiLineString","coordinates":[[[-46.3407,-23.9701],[-37.8461,-28.2016],[-26.6898,-13.4123],[-26.6898,-3.7439],[-33.9797,2.0256],[-63.5988,34.4541],[-74.0059,40.7146]]]}},{"type":"Feature","properties":{"name":"Seabras-1","id":"1728"},"geometry":{"type":"MultiLineString","coordinates":[[[-33.9797,2.0256],[-38.543,-3.7187]]]}},{"type":"Feature","properties":{"name":"SEACOM/Tata TGN-Eurasia","id":"1552"},"geometry":{"type":"MultiLineString","coordinates":[[[42.8739,-6.7954],[39.2698,-6.8231]]]}},{"type":"Feature","properties":{"name":"SEACOM/Tata TGN-Eurasia","id":"1552"},"geometry":{"type":"MultiLineString","coordinates":[[[63.5176,15.7802],[52.7236,13.003]]]}},{"type":"Feature","properties":{"name":"SEACOM/Tata TGN-Eurasia","id":"1552"},"geometry":{"type":"MultiLineString","coordinates":[[[32.5806,-25.9682],[36.4479,-26.0039]]]}},{"type":"Feature","properties":{"name":"SEACOM/Tata TGN-Eurasia","id":"1552"},"geometry":{"type":"MultiLineString","coordinates":[[[43.148,11.5948],[44.1272,12.0205]]]}},{"type":"Feature","properties":{"name":"SEACOM/Tata TGN-Eurasia","id":"1552"},"geometry":{"type":"MultiLineString","coordinates":[[[43.2484,-3.9716],[39.6729,-4.0529]]]}},{"type":"Feature","properties":{"name":"SEACOM/Tata TGN-Eurasia","id":"1552"},"geometry":{"type":"MultiLineString","coordinates":[[[52.7236,13.003],[45.8821,11.2273],[45.235,11.206],[44.3869,11.6005],[44.1272,12.0205],[44,12.2262],[43.6837,12.2483],[42.6638,13.9651],[42.782,14.2954],[34.568,27.4743],[33.9032,27.7309],[33.3024,28.2763],[32.6137,29.1042]]]}},{"type":"Feature","properties":{"name":"SEACOM/Tata TGN-Eurasia","id":"1552"},"geometry":{"type":"MultiLineString","coordinates":[[[36.4479,-26.0039],[34.5904,-29.1661],[31.758,-28.9506]]]}},{"type":"Feature","properties":{"name":"SEACOM/Tata TGN-Eurasia","id":"1552"},"geometry":{"type":"MultiLineString","coordinates":[[[42.8739,-6.7954],[41.496,-16.9871],[36.4479,-26.0039]]]}},{"type":"Feature","properties":{"name":"SEACOM/Tata TGN-Eurasia","id":"1552"},"geometry":{"type":"MultiLineString","coordinates":[[[43.2484,-3.9716],[42.8739,-6.7954]]]}},{"type":"Feature","properties":{"name":"SEACOM/Tata TGN-Eurasia","id":"1552"},"geometry":{"type":"MultiLineString","coordinates":[[[52.7236,13.003],[52.9127,12.2597],[48.5597,2.8927],[43.3164,-3.4585],[43.2484,-3.9716]]]}},{"type":"Feature","properties":{"name":"SEACOM/Tata TGN-Eurasia","id":"1552"},"geometry":{"type":"MultiLineString","coordinates":[[[72.8759,19.0761],[72.605,18.9323],[70.6929,17.6057],[63.5176,15.7802]]]}},{"type":"Feature","properties":{"name":"SeaMeWe-3","id":"1031"},"geometry":{"type":"MultiLineString","coordinates":[[[114.9368,21.2505],[114.184,22.2496]]]}},{"type":"Feature","properties":{"name":"SeaMeWe-3","id":"1031"},"geometry":{"type":"MultiLineString","coordinates":[[[100.0662,6.6135],[99.8352,6.564],[99.7286,6.4843],[99.5967,6.4298],[98.1247,5.4663]]]}},{"type":"Feature","properties":{"name":"SeaMeWe-3","id":"1031"},"geometry":{"type":"MultiLineString","coordinates":[[[127.176,28.9872],[121.4726,31.2475]]]}},{"type":"Feature","properties":{"name":"SeaMeWe-3","id":"1031"},"geometry":{"type":"MultiLineString","coordinates":[[[43.148,11.5948],[43.8464,11.71]]]}},{"type":"Feature","properties":{"name":"SeaMeWe-3","id":"1031"},"geometry":{"type":"MultiLineString","coordinates":[[[29.8935,31.1915],[29.2131,33.0243],[22.7318,33.9549]]]}},{"type":"Feature","properties":{"name":"SeaMeWe-3","id":"1031"},"geometry":{"type":"MultiLineString","coordinates":[[[22.7318,33.9549],[13.4441,35.2706],[12.0512,36.4663],[12.5914,37.6505]]]}},{"type":"Feature","properties":{"name":"SeaMeWe-3","id":"1031"},"geometry":{"type":"MultiLineString","coordinates":[[[72.8759,19.0761],[70.2918,18.0822],[68.1037,17.5114]]]}},{"type":"Feature","properties":{"name":"SeaMeWe-3","id":"1031"},"geometry":{"type":"MultiLineString","coordinates":[[[68.1037,17.5114],[62.6914,16.0919]]]}},{"type":"Feature","properties":{"name":"SeaMeWe-3","id":"1031"},"geometry":{"type":"MultiLineString","coordinates":[[[62.6914,16.0919],[44.8633,11.3475],[44.0936,11.2936],[43.8464,11.71],[43.1058,12.9535]]]}},{"type":"Feature","properties":{"name":"SeaMeWe-3","id":"1031"},"geometry":{"type":"MultiLineString","coordinates":[[[43.1058,12.9535],[38.2591,20.9128],[34.2037,27.2661],[32.8534,28.9613],[32.5299,29.9726],[31.947,30.4027],[30.6464,31.0034],[29.8935,31.1915]]]}},{"type":"Feature","properties":{"name":"SeaMeWe-3","id":"1031"},"geometry":{"type":"MultiLineString","coordinates":[[[12.5914,37.6505],[10.8121,37.7932],[2.3544,37.7488],[-2.1316,35.9416],[-5.394,35.9583],[-9.3954,36.2282],[-9.1028,38.4431]]]}},{"type":"Feature","properties":{"name":"SeaMeWe-3","id":"1031"},"geometry":{"type":"MultiLineString","coordinates":[[[-9.1028,38.4431],[-10.5424,38.5527],[-10.5826,45.2014],[-4.3385,47.811],[-5.4321,48.8035],[-5.173,50.0225],[0.3544,49.9749],[2.274,51.5182],[4.0218,53.8271],[7.2018,53.5956]]]}},{"type":"Feature","properties":{"name":"SeaMeWe-3","id":"1031"},"geometry":{"type":"MultiLineString","coordinates":[[[38.2589,20.913],[39.1828,21.4815]]]}},{"type":"Feature","properties":{"name":"SeaMeWe-3","id":"1031"},"geometry":{"type":"MultiLineString","coordinates":[[[58.5912,23.6152],[59.333,23.8013]]]}},{"type":"Feature","properties":{"name":"SeaMeWe-3","id":"1031"},"geometry":{"type":"MultiLineString","coordinates":[[[32.4667,34.7666],[29.2131,33.0243],[28.551,36.2227],[28.2536,36.8553]]]}},{"type":"Feature","properties":{"name":"SeaMeWe-3","id":"1031"},"geometry":{"type":"MultiLineString","coordinates":[[[68.1037,17.5114],[67.0286,24.8897]]]}},{"type":"Feature","properties":{"name":"SeaMeWe-3","id":"1031"},"geometry":{"type":"MultiLineString","coordinates":[[[-5.3918,35.5659],[-4.5257,35.9508]]]}},{"type":"Feature","properties":{"name":"SeaMeWe-3","id":"1031"},"geometry":{"type":"MultiLineString","coordinates":[[[22.7318,33.9549],[22.986,35.5345],[24.0122,35.512]]]}},{"type":"Feature","properties":{"name":"SeaMeWe-3","id":"1031"},"geometry":{"type":"MultiLineString","coordinates":[[[2.9127,51.2312],[2.2123,51.4775]]]}},{"type":"Feature","properties":{"name":"SeaMeWe-3","id":"1031"},"geometry":{"type":"MultiLineString","coordinates":[[[56.3337,25.1217],[60.7394,23.1791],[62.6914,16.0919]]]}},{"type":"Feature","properties":{"name":"SeaMeWe-3","id":"1031"},"geometry":{"type":"MultiLineString","coordinates":[[[120.7753,21.1169],[120.6622,22.2493]]]}},{"type":"Feature","properties":{"name":"SeaMeWe-3","id":"1031"},"geometry":{"type":"MultiLineString","coordinates":[[[113.5612,22.1565],[114.9368,21.2505],[116.7411,20.0536]]]}},{"type":"Feature","properties":{"name":"SeaMeWe-3","id":"1031"},"geometry":{"type":"MultiLineString","coordinates":[[[72.8759,19.0761],[72.7624,18.768],[71.8843,17.1472],[75.4345,7.0286],[82.6625,3.9153],[95.4007,7.6878],[98.1247,5.4663],[103.01,1.4634],[103.5018,1.2534]]]}},{"type":"Feature","properties":{"name":"SeaMeWe-3","id":"1031"},"geometry":{"type":"MultiLineString","coordinates":[[[103.5018,1.2534],[103.6461,1.3386],[103.7145,0.9951]]]}},{"type":"Feature","properties":{"name":"SeaMeWe-3","id":"1031"},"geometry":{"type":"MultiLineString","coordinates":[[[29.8935,31.1915],[30.6973,31.0854],[31.9979,30.4853],[32.5428,29.9591]]]}},{"type":"Feature","properties":{"name":"SeaMeWe-3","id":"1031"},"geometry":{"type":"MultiLineString","coordinates":[[[114.9708,13.6033],[116.7411,20.0536]]]}},{"type":"Feature","properties":{"name":"SeaMeWe-3","id":"1031"},"geometry":{"type":"MultiLineString","coordinates":[[[103.7145,0.9951],[103.7965,0.9408]]]}},{"type":"Feature","properties":{"name":"SeaMeWe-3","id":"1031"},"geometry":{"type":"MultiLineString","coordinates":[[[103.7965,0.9408],[103.9459,0.8792],[104.1877,0.5632],[104.4632,0.4923]]]}},{"type":"Feature","properties":{"name":"SeaMeWe-3","id":"1031"},"geometry":{"type":"MultiLineString","coordinates":[[[104.4632,0.4923],[104.7685,0.1277]]]}},{"type":"Feature","properties":{"name":"SeaMeWe-3","id":"1031"},"geometry":{"type":"MultiLineString","coordinates":[[[104.7685,0.1277],[106.9999,-2.404],[106.9999,-4.5747],[106.5161,-5.156]]]}},{"type":"Feature","properties":{"name":"SeaMeWe-3","id":"1031"},"geometry":{"type":"MultiLineString","coordinates":[[[106.5161,-5.156],[105.8395,-5.8593],[102.798,-7.8868],[112.0974,-31.9336],[115.8573,-31.9534]]]}},{"type":"Feature","properties":{"name":"SeaMeWe-3","id":"1031"},"geometry":{"type":"MultiLineString","coordinates":[[[127.6809,26.2124],[126.0658,26.1627]]]}},{"type":"Feature","properties":{"name":"SeaMeWe-3","id":"1031"},"geometry":{"type":"MultiLineString","coordinates":[[[125.0599,23.5422],[121.8015,24.8634]]]}},{"type":"Feature","properties":{"name":"SeaMeWe-3","id":"1031"},"geometry":{"type":"MultiLineString","coordinates":[[[114.184,22.2496],[118.6281,21.4375],[114.184,22.2496]]]}},{"type":"Feature","properties":{"name":"SeaMeWe-3","id":"1031"},"geometry":{"type":"MultiLineString","coordinates":[[[106.8334,-6.129],[106.5161,-5.156]]]}},{"type":"Feature","properties":{"name":"SeaMeWe-3","id":"1031"},"geometry":{"type":"MultiLineString","coordinates":[[[121.066,13.7624],[114.9708,13.6033]]]}},{"type":"Feature","properties":{"name":"SeaMeWe-3","id":"1031"},"geometry":{"type":"MultiLineString","coordinates":[[[114.8701,13.2303],[108.1925,16.0434]]]}},{"type":"Feature","properties":{"name":"SeaMeWe-3","id":"1031"},"geometry":{"type":"MultiLineString","coordinates":[[[98.676,3.7521],[99.2301,4.5622]]]}},{"type":"Feature","properties":{"name":"SeaMeWe-3","id":"1031"},"geometry":{"type":"MultiLineString","coordinates":[[[116.7411,20.0536],[116.6776,23.355],[118.6281,21.4375],[120.7753,21.1169]]]}},{"type":"Feature","properties":{"name":"SeaMeWe-3","id":"1031"},"geometry":{"type":"MultiLineString","coordinates":[[[112.8,5.452],[114.8857,4.9268]]]}},{"type":"Feature","properties":{"name":"SeaMeWe-3","id":"1031"},"geometry":{"type":"MultiLineString","coordinates":[[[100.363,5.3538],[98.764,4.9436]]]}},{"type":"Feature","properties":{"name":"SeaMeWe-3","id":"1031"},"geometry":{"type":"MultiLineString","coordinates":[[[79.8668,6.8332],[78.856,5.5569]]]}},{"type":"Feature","properties":{"name":"SeaMeWe-3","id":"1031"},"geometry":{"type":"MultiLineString","coordinates":[[[95.6822,16.2827],[95.4007,7.6878]]]}},{"type":"Feature","properties":{"name":"SeaMeWe-3","id":"1031"},"geometry":{"type":"MultiLineString","coordinates":[[[104.7685,0.1277],[106.9507,1.2043]]]}},{"type":"Feature","properties":{"name":"SeaMeWe-3","id":"1031"},"geometry":{"type":"MultiLineString","coordinates":[[[106.9507,1.2043],[112.3871,3.8837],[112.8,5.452]]]}},{"type":"Feature","properties":{"name":"SeaMeWe-3","id":"1031"},"geometry":{"type":"MultiLineString","coordinates":[[[112.8,5.452],[114.8701,13.2303]]]}},{"type":"Feature","properties":{"name":"SeaMeWe-3","id":"1031"},"geometry":{"type":"MultiLineString","coordinates":[[[114.8701,13.2303],[114.9708,13.6033]]]}},{"type":"Feature","properties":{"name":"SeaMeWe-3","id":"1031"},"geometry":{"type":"MultiLineString","coordinates":[[[120.7753,21.1169],[123.9687,20.6388],[125.0599,23.5422]]]}},{"type":"Feature","properties":{"name":"SeaMeWe-3","id":"1031"},"geometry":{"type":"MultiLineString","coordinates":[[[125.0599,23.5422],[126.0658,26.1627]]]}},{"type":"Feature","properties":{"name":"SeaMeWe-3","id":"1031"},"geometry":{"type":"MultiLineString","coordinates":[[[126.0658,26.1627],[127.176,28.9872]]]}},{"type":"Feature","properties":{"name":"SeaMeWe-3","id":"1031"},"geometry":{"type":"MultiLineString","coordinates":[[[127.176,28.9872],[128.5588,32.3846],[128.6208,34.8808]]]}},{"type":"Feature","properties":{"name":"SeaMeWe-3","id":"1031"},"geometry":{"type":"MultiLineString","coordinates":[[[106.9507,1.2043],[103.8508,2.2957]]]}},{"type":"Feature","properties":{"name":"SeaMeWe-3","id":"1031"},"geometry":{"type":"MultiLineString","coordinates":[[[76.2696,9.9384],[74.7003,9.1509]]]}},{"type":"Feature","properties":{"name":"SeaMeWe-4","id":"1035"},"geometry":{"type":"MultiLineString","coordinates":[[[7.7554,36.9028],[8.5076,37.8911]]]}},{"type":"Feature","properties":{"name":"SeaMeWe-4","id":"1035"},"geometry":{"type":"MultiLineString","coordinates":[[[91.9949,21.4293],[91.313,9.5977]]]}},{"type":"Feature","properties":{"name":"SeaMeWe-4","id":"1035"},"geometry":{"type":"MultiLineString","coordinates":[[[79.8721,6.9271],[78.8754,4.8212]]]}},{"type":"Feature","properties":{"name":"SeaMeWe-4","id":"1035"},"geometry":{"type":"MultiLineString","coordinates":[[[103.5069,1.1973],[103.6461,1.3386]]]}},{"type":"Feature","properties":{"name":"SeaMeWe-4","id":"1035"},"geometry":{"type":"MultiLineString","coordinates":[[[101.1375,2.8256],[102.991,1.3643],[103.5069,1.1973]]]}},{"type":"Feature","properties":{"name":"SeaMeWe-4","id":"1035"},"geometry":{"type":"MultiLineString","coordinates":[[[98.3541,5.0163],[101.1375,2.8256]]]}},{"type":"Feature","properties":{"name":"SeaMeWe-4","id":"1035"},"geometry":{"type":"MultiLineString","coordinates":[[[91.313,9.5977],[92.673,9.4609],[98.3541,5.0163]]]}},{"type":"Feature","properties":{"name":"SeaMeWe-4","id":"1035"},"geometry":{"type":"MultiLineString","coordinates":[[[72.8759,19.0761],[72.7223,18.8382],[71.3725,17.1279],[74.8273,6.6961],[81.7097,3.505],[82.8796,10.486],[80.243,13.0639],[84.0765,10.3244],[91.313,9.5977]]]}},{"type":"Feature","properties":{"name":"SeaMeWe-4","id":"1035"},"geometry":{"type":"MultiLineString","coordinates":[[[101.1375,2.8256],[102.2209,2.2732]]]}},{"type":"Feature","properties":{"name":"SeaMeWe-4","id":"1035"},"geometry":{"type":"MultiLineString","coordinates":[[[29.8935,31.1915],[30.5955,30.9213],[31.8961,30.3202],[32.5299,29.9726]]]}},{"type":"Feature","properties":{"name":"SeaMeWe-4","id":"1035"},"geometry":{"type":"MultiLineString","coordinates":[[[9.8674,37.2768],[9.7093,37.8957]]]}},{"type":"Feature","properties":{"name":"SeaMeWe-4","id":"1035"},"geometry":{"type":"MultiLineString","coordinates":[[[64.6449,16.4177],[62.3819,23.9233],[56.3337,25.1217]]]}},{"type":"Feature","properties":{"name":"SeaMeWe-4","id":"1035"},"geometry":{"type":"MultiLineString","coordinates":[[[38.6568,20.0193],[39.1828,21.4815]]]}},{"type":"Feature","properties":{"name":"SeaMeWe-4","id":"1035"},"geometry":{"type":"MultiLineString","coordinates":[[[68.7909,17.5342],[67.0286,24.8897]]]}},{"type":"Feature","properties":{"name":"SeaMeWe-4","id":"1035"},"geometry":{"type":"MultiLineString","coordinates":[[[5.3725,43.2936],[8.5076,37.8911],[9.7093,37.8957]]]}},{"type":"Feature","properties":{"name":"SeaMeWe-4","id":"1035"},"geometry":{"type":"MultiLineString","coordinates":[[[9.7093,37.8957],[10.8231,37.8999],[12.2146,38.0939],[12.7568,38.252],[13.3587,38.1161]]]}},{"type":"Feature","properties":{"name":"SeaMeWe-4","id":"1035"},"geometry":{"type":"MultiLineString","coordinates":[[[12.2146,38.0939],[12.3082,37.4086],[12.1177,37.2073],[11.5708,36.6299],[13.3386,35.1356],[29.0631,32.9259],[29.8935,31.1915],[30.5446,30.8392],[31.8452,30.2375],[32.5428,29.9591],[32.738,28.9311],[33.891,27.4969],[38.6568,20.0193],[42.3142,14.0187],[42.4691,13.9839],[43.5816,12.1478],[43.5282,11.9876],[44.0358,11.1334],[44.8401,11.2225],[64.2502,16.3127],[64.6445,16.4191]]]}},{"type":"Feature","properties":{"name":"SeaMeWe-4","id":"1035"},"geometry":{"type":"MultiLineString","coordinates":[[[64.6445,16.4191],[68.7909,17.5342]]]}},{"type":"Feature","properties":{"name":"SeaMeWe-4","id":"1035"},"geometry":{"type":"MultiLineString","coordinates":[[[68.7909,17.5342],[70.4798,17.9864],[72.5407,18.8878],[72.8759,19.0761]]]}},{"type":"Feature","properties":{"name":"SeaMeWe-4","id":"1035"},"geometry":{"type":"MultiLineString","coordinates":[[[100.0662,6.6135],[100.0579,6.3545],[99.9925,6.2056],[99.8417,6.0383],[98.3541,5.0163]]]}},{"type":"Feature","properties":{"name":"Seychelles to East Africa System (SEAS)","id":"1672"},"geometry":{"type":"MultiLineString","coordinates":[[[39.2698,-6.8231],[55.4451,-4.6176]]]}},{"type":"Feature","properties":{"name":"SHEFA-2","id":"1576"},"geometry":{"type":"MultiLineString","coordinates":[[[-2.5237,57.6669],[-2.9,58.8333],[-1.2385,59.996],[-1.3237,60.0041],[-6.7718,62.0176]]]}},{"type":"Feature","properties":{"name":"SHEFA-2","id":"1576"},"geometry":{"type":"MultiLineString","coordinates":[[[-2.4,60.7501],[-1.9703,60.5895],[-3.9037,60.1707],[-4.3333,60.3334]]]}},{"type":"Feature","properties":{"name":"Silphium","id":"1665"},"geometry":{"type":"MultiLineString","coordinates":[[[22.6391,32.7637],[23.5314,35.7357],[23.8554,35.7357],[24.0122,35.512]]]}},{"type":"Feature","properties":{"name":"Sirius","id":"1092"},"geometry":{"type":"MultiLineString","coordinates":[[[-3.0508,53.809],[-6.2483,53.3481]]]}},{"type":"Feature","properties":{"name":"Solas","id":"1205"},"geometry":{"type":"MultiLineString","coordinates":[[[-4.1695,51.5581],[-5.4912,51.4434],[-6.585,52.1717]]]}},{"type":"Feature","properties":{"name":"Solomons Oceanic Cable Network","id":"1736"},"geometry":{"type":"MultiLineString","coordinates":[[[157.2,-8.2407],[157.2,-7.81],[157.6321,-7.81],[159.7864,-8.8396],[160.0024,-9.0544],[159.9484,-9.43]]]}},{"type":"Feature","properties":{"name":"Solomons Oceanic Cable Network","id":"1736"},"geometry":{"type":"MultiLineString","coordinates":[[[160.7,-8.7663],[160.379,-9.2744],[159.9484,-9.43]]]}},{"type":"Feature","properties":{"name":"Solomons Oceanic Cable Network","id":"1736"},"geometry":{"type":"MultiLineString","coordinates":[[[159.9484,-9.43],[159.9484,-9.1081],[159.7324,-8.8933],[154.3996,-11.9894]]]}},{"type":"Feature","properties":{"name":"South America-1 (SAm-1)","id":"1083"},"geometry":{"type":"MultiLineString","coordinates":[[[-38.543,-3.7187],[-33.1864,0.1515],[-28.6637,-3.4878],[-28.6637,-12.8188],[-32.0477,-17.4733],[-39.2572,-26.9675],[-44.5175,-24.7956],[-46.3281,-23.9619]]]}},{"type":"Feature","properties":{"name":"South America-1 (SAm-1)","id":"1083"},"geometry":{"type":"MultiLineString","coordinates":[[[-84.3326,-2.966],[-83.9653,-4.7392]]]}},{"type":"Feature","properties":{"name":"South America-1 (SAm-1)","id":"1083"},"geometry":{"type":"MultiLineString","coordinates":[[[-46.3281,-23.9619],[-40.8318,-28.0934],[-50.4402,-39.4333],[-56.6954,-36.4709]]]}},{"type":"Feature","properties":{"name":"South America-1 (SAm-1)","id":"1083"},"geometry":{"type":"MultiLineString","coordinates":[[[-44.5175,-24.7956],[-43.2096,-22.9035]]]}},{"type":"Feature","properties":{"name":"South America-1 (SAm-1)","id":"1083"},"geometry":{"type":"MultiLineString","coordinates":[[[-80.9144,-2.2729],[-84.3326,-2.966]]]}},{"type":"Feature","properties":{"name":"South America-1 (SAm-1)","id":"1083"},"geometry":{"type":"MultiLineString","coordinates":[[[-83.9653,-4.7392],[-82.333,-12.9199],[-76.8743,-12.2784],[-82.1423,-13.8532],[-80.8492,-20.0722],[-70.3068,-18.4735],[-80.6586,-20.9703],[-77.8144,-33.634],[-71.6204,-33.0456]]]}},{"type":"Feature","properties":{"name":"South America-1 (SAm-1)","id":"1083"},"geometry":{"type":"MultiLineString","coordinates":[[[-81.0538,-4.1538],[-83.9653,-4.7392]]]}},{"type":"Feature","properties":{"name":"South America-1 (SAm-1)","id":"1083"},"geometry":{"type":"MultiLineString","coordinates":[[[-66.1067,18.4661],[-67.4418,18.7685],[-74.1471,12.4169],[-74.7798,10.9404]]]}},{"type":"Feature","properties":{"name":"South America-1 (SAm-1)","id":"1083"},"geometry":{"type":"MultiLineString","coordinates":[[[-38.5045,-12.97],[-32.0477,-17.4733]]]}},{"type":"Feature","properties":{"name":"South America-1 (SAm-1)","id":"1083"},"geometry":{"type":"MultiLineString","coordinates":[[[-80.089,26.3506],[-79.9104,24.7023],[-81.1076,24.2485],[-83.5895,24.2485],[-86.297,21.7421],[-86.297,20.3689],[-87.4914,17.7511],[-88.5972,15.7273]]]}},{"type":"Feature","properties":{"name":"South America-1 (SAm-1)","id":"1083"},"geometry":{"type":"MultiLineString","coordinates":[[[-90.8222,13.9347],[-92.9321,10.0682],[-86.2322,6.5791],[-84.3326,-2.966]]]}},{"type":"Feature","properties":{"name":"South America-1 (SAm-1)","id":"1083"},"geometry":{"type":"MultiLineString","coordinates":[[[-38.543,-3.7187],[-36.7113,1.1098],[-54.999,19.1003],[-65.2008,19.1003],[-66.1067,18.4661],[-74.3635,28.3748],[-80.089,26.3506]]]}},{"type":"Feature","properties":{"name":"South American Crossing (SAC)/Latin American Nautilus (LAN)","id":"1084"},"geometry":{"type":"MultiLineString","coordinates":[[[-71.6204,-33.0456],[-76.9564,-33.074],[-81.0936,-14.1326],[-76.8743,-12.2784],[-81.475,-12.2645],[-83.8326,-0.493],[-81.0214,3.9512],[-78.9338,7.2376],[-79.5466,8.9341]]]}},{"type":"Feature","properties":{"name":"South American Crossing (SAC)/Latin American Nautilus (LAN)","id":"1084"},"geometry":{"type":"MultiLineString","coordinates":[[[-62.4739,10.7227],[-67.8093,16.4756]]]}},{"type":"Feature","properties":{"name":"South American Crossing (SAC)/Latin American Nautilus (LAN)","id":"1084"},"geometry":{"type":"MultiLineString","coordinates":[[[-79.9003,9.3539],[-79.3767,10.8172],[-67.8093,16.4756],[-64.9914,17.8313],[-64.8193,17.774],[-64.603,17.9812],[-63.4724,17.8313]]]}},{"type":"Feature","properties":{"name":"South American Crossing (SAC)/Latin American Nautilus (LAN)","id":"1084"},"geometry":{"type":"MultiLineString","coordinates":[[[-44.5952,-24.2612],[-46.3281,-23.9619],[-41.9063,-27.9474],[-50.9533,-38.6862],[-56.6954,-36.4709]]]}},{"type":"Feature","properties":{"name":"South American Crossing (SAC)/Latin American Nautilus (LAN)","id":"1084"},"geometry":{"type":"MultiLineString","coordinates":[[[-63.4724,17.8313],[-56.2397,17.4466],[-37.9449,0.5366],[-38.543,-3.7187],[-33.4467,-0.2655],[-29.6506,-3.3202],[-29.6506,-12.5215],[-38.8744,-24.9368],[-43.2096,-22.9035],[-44.5952,-24.2612]]]}},{"type":"Feature","properties":{"name":"South Atlantic Cable System (SACS)-Africa","id":"1709"},"geometry":{"type":"MultiLineString","coordinates":[[[-38.543,-3.7187],[-34.2436,-4.0072],[-33.1048,-4.9213],[-33.1048,-8.8126],[13.2351,-8.8126]]]}},{"type":"Feature","properties":{"name":"South Atlantic Cable System (SACS)-Brazil","id":"1732"},"geometry":{"type":"MultiLineString","coordinates":[[[-38.543,-3.7187],[-34.4644,-4.3853],[-33.5369,-5.1295],[-33.5369,-9.4904],[-37.5618,-14.9167],[-38.7888,-19.218],[-43.2494,-24.8578],[-46.3407,-23.9701]]]}},{"type":"Feature","properties":{"name":"South Atlantic Cable System (SACS)-Europe","id":"1725"},"geometry":{"type":"MultiLineString","coordinates":[[[-38.543,-3.7187],[-34.1088,3.1278],[-16.5228,27.9098],[-16.5228,28.293]]]}},{"type":"Feature","properties":{"name":"South Atlantic Cable System (SACS)-South America","id":"1724"},"geometry":{"type":"MultiLineString","coordinates":[[[-46.3281,-23.9619],[-44.7463,-25.7354],[-53.0965,-35.6103],[-54.2487,-36.8898],[-56.6954,-36.4709]]]}},{"type":"Feature","properties":{"name":"South Atlantic Cable System (SACS)-South America","id":"1724"},"geometry":{"type":"MultiLineString","coordinates":[[[-54.9502,-34.9003],[-53.0965,-35.6103]]]}},{"type":"Feature","properties":{"name":"South Atlantic Cable System (SACS)-United States","id":"1726"},"geometry":{"type":"MultiLineString","coordinates":[[[-38.543,-3.7187],[-35.3852,1.7258],[-51.0063,19.1003],[-75.9359,27.135],[-78.8977,27.135],[-80.089,26.3506]]]}},{"type":"Feature","properties":{"name":"South Atlantic Express (SAEx)","id":"1669"},"geometry":{"type":"MultiLineString","coordinates":[[[18.1556,-33.348],[18.1108,-34.0252],[18.1108,-35.2074],[25.57,-35.2074],[26.7594,-35.2074],[28.5304,-33.4492],[31.8088,-30.0982],[31.7831,-28.9496]]]}},{"type":"Feature","properties":{"name":"South Atlantic Express (SAEx)","id":"1669"},"geometry":{"type":"MultiLineString","coordinates":[[[-5.7046,-15.9218],[-5.7046,-14.4673]]]}},{"type":"Feature","properties":{"name":"South Atlantic Express (SAEx)","id":"1669"},"geometry":{"type":"MultiLineString","coordinates":[[[-5.7046,-14.4673],[-25.7029,-14.4673],[-25.7029,-3.9019],[-32.4055,1.4025],[-38.543,-3.7187]]]}},{"type":"Feature","properties":{"name":"South Atlantic Express (SAEx)","id":"1669"},"geometry":{"type":"MultiLineString","coordinates":[[[6.8094,-14.4673],[-5.7046,-14.4673]]]}},{"type":"Feature","properties":{"name":"South Atlantic Express (SAEx)","id":"1669"},"geometry":{"type":"MultiLineString","coordinates":[[[18.1556,-33.348],[16.519,-33.8246],[6.8094,-24.1352],[6.8094,-14.4673]]]}},{"type":"Feature","properties":{"name":"South Atlantic Express (SAEx)","id":"1669"},"geometry":{"type":"MultiLineString","coordinates":[[[28.5304,-33.4492],[27.8667,-32.983]]]}},{"type":"Feature","properties":{"name":"South Atlantic Express (SAEx)","id":"1669"},"geometry":{"type":"MultiLineString","coordinates":[[[25.57,-33.9324],[25.57,-35.2074]]]}},{"type":"Feature","properties":{"name":"Southeast Asia Japan Cable (SJC)","id":"1604"},"geometry":{"type":"MultiLineString","coordinates":[[[116.6776,23.355],[119.3457,19.0741]]]}},{"type":"Feature","properties":{"name":"Southeast Asia Japan Cable (SJC)","id":"1604"},"geometry":{"type":"MultiLineString","coordinates":[[[104.1685,1.2372],[103.6461,1.3386]]]}},{"type":"Feature","properties":{"name":"Southeast Asia Japan Cable (SJC)","id":"1604"},"geometry":{"type":"MultiLineString","coordinates":[[[104.3499,1.2614],[104.1685,1.2372]]]}},{"type":"Feature","properties":{"name":"Southeast Asia Japan Cable (SJC)","id":"1604"},"geometry":{"type":"MultiLineString","coordinates":[[[115.9159,15.7476],[112.6584,3.6976],[104.3499,1.2614]]]}},{"type":"Feature","properties":{"name":"Southeast Asia Japan Cable (SJC)","id":"1604"},"geometry":{"type":"MultiLineString","coordinates":[[[114.5707,4.7037],[113.5004,6.8507]]]}},{"type":"Feature","properties":{"name":"Southeast Asia Japan Cable (SJC)","id":"1604"},"geometry":{"type":"MultiLineString","coordinates":[[[100.5997,7.0759],[113.2987,6.1177]]]}},{"type":"Feature","properties":{"name":"Southeast Asia Japan Cable (SJC)","id":"1604"},"geometry":{"type":"MultiLineString","coordinates":[[[139.9548,34.9766],[139.664,28.6698],[124.8675,18.799],[120.4413,19.4855],[116.5472,18.0186],[115.9159,15.7476]]]}},{"type":"Feature","properties":{"name":"Southeast Asia Japan Cable (SJC)","id":"1604"},"geometry":{"type":"MultiLineString","coordinates":[[[115.9159,15.7476],[120.6957,14.3176]]]}},{"type":"Feature","properties":{"name":"Southeast Asia Japan Cable (SJC)","id":"1604"},"geometry":{"type":"MultiLineString","coordinates":[[[116.5472,18.0186],[114.203,22.2221]]]}},{"type":"Feature","properties":{"name":"Southern Cross Cable Network","id":"1009"},"geometry":{"type":"MultiLineString","coordinates":[[[-179.9999,-27.7867],[-155.8563,20.0037],[-147.0278,24.2722],[-139.2502,24.2722],[-120.8472,35.3671]]]}},{"type":"Feature","properties":{"name":"Southern Cross Cable Network","id":"1009"},"geometry":{"type":"MultiLineString","coordinates":[[[151.1963,-33.9136],[151.8227,-34.1859],[173.8654,-36.9984],[174.6234,-36.7876]]]}},{"type":"Feature","properties":{"name":"Southern Cross Cable Network","id":"1009"},"geometry":{"type":"MultiLineString","coordinates":[[[174.768,-36.7877],[179.9999,-27.7737]]]}},{"type":"Feature","properties":{"name":"Southern Cross Cable Network","id":"1009"},"geometry":{"type":"MultiLineString","coordinates":[[[-155.822,20.0233],[-158.1305,21.3541]]]}},{"type":"Feature","properties":{"name":"Southern Cross Cable Network","id":"1009"},"geometry":{"type":"MultiLineString","coordinates":[[[-123.8111,45.8252],[-139.2502,43.549],[-147.0278,43.549],[-158.1305,21.3541],[-179.9999,-16.5406]]]}},{"type":"Feature","properties":{"name":"Southern Cross Cable Network","id":"1009"},"geometry":{"type":"MultiLineString","coordinates":[[[179.9999,-16.5265],[178.9709,-18.2699],[178.3863,-18.0748],[178.4812,-18.7628],[151.2739,-33.7611]]]}},{"type":"Feature","properties":{"name":"Suriname-Guyana Submarine Cable System (SG-SCS)","id":"1612"},"geometry":{"type":"MultiLineString","coordinates":[[[-58.1549,6.8043],[-57.2795,8.323]]]}},{"type":"Feature","properties":{"name":"Suriname-Guyana Submarine Cable System (SG-SCS)","id":"1612"},"geometry":{"type":"MultiLineString","coordinates":[[[-56.3754,5.8866],[-55.6099,7.3821],[-57.2795,8.323],[-60.5565,10.1631],[-60.7144,10.8308],[-60.9225,10.9612],[-61.5427,10.9612],[-61.6508,10.6863]]]}},{"type":"Feature","properties":{"name":"Svalbard Undersea Cable System","id":"1651"},"geometry":{"type":"MultiLineString","coordinates":[[[15.5578,78.2219],[13.8988,78.1807],[12.9266,78.008],[16.1673,70.1343],[16.5124,68.7069],[16.5454,70.1343],[13.3587,77.9799],[14.0878,78.1197],[15.5578,78.2219]]]}},{"type":"Feature","properties":{"name":"Sweden-Estonia (EE-S 1)","id":"1221"},"geometry":{"type":"MultiLineString","coordinates":[[[24.7525,59.4364],[24.296,59.5707],[22.8045,59.2379],[22.7364,59.0001],[18.7647,59.8228]]]}},{"type":"Feature","properties":{"name":"Sweden-Finland 4 (SFS-4)","id":"1207"},"geometry":{"type":"MultiLineString","coordinates":[[[18.7014,59.7597],[19.7817,59.7597],[21.1789,59.9113],[22.2593,60.4494]]]}},{"type":"Feature","properties":{"name":"Sweden-Finland 6","id":"1340"},"geometry":{"type":"MultiLineString","coordinates":[[[18.0627,59.3323],[19.1193,59.5621],[22.0629,59.903],[22.2986,60.3057]]]}},{"type":"Feature","properties":{"name":"Sweden-Finland Link (SFL)","id":"1208"},"geometry":{"type":"MultiLineString","coordinates":[[[19.9377,60.1141],[18.8167,59.9835]]]}},{"type":"Feature","properties":{"name":"TAGIDE 2","id":"1128"},"geometry":{"type":"MultiLineString","coordinates":[[[-4.3385,47.811],[-9.981,44.8698],[-9.981,38.8865],[-9.1028,38.4431]]]}},{"type":"Feature","properties":{"name":"Taino-Carib","id":"1229"},"geometry":{"type":"MultiLineString","coordinates":[[[-66.0828,18.4537],[-65.9986,18.6925],[-66.0169,18.4418],[-65.4658,18.5795],[-64.9371,18.3729]]]}},{"type":"Feature","properties":{"name":"Taiwan Strait Express-1 (TSE)-1","id":"1636"},"geometry":{"type":"MultiLineString","coordinates":[[[119.2925,26.0718],[121.4627,25.1817]]]}},{"type":"Feature","properties":{"name":"Tamares North","id":"1713"},"geometry":{"type":"MultiLineString","coordinates":[[[32.492,34.9164],[31.9519,34.9164],[31.9519,34.6045],[34.2425,32.8116],[34.9989,32.8116]]]}},{"type":"Feature","properties":{"name":"Tangerine","id":"1324"},"geometry":{"type":"MultiLineString","coordinates":[[[1.441,51.3586],[2.9127,51.2312]]]}},{"type":"Feature","properties":{"name":"Tasman Global Access (TGA) Cable","id":"1750"},"geometry":{"type":"MultiLineString","coordinates":[[[174.7705,-36.8841],[173.8654,-37.689],[151.8227,-34.9017],[151.207,-33.8696]]]}},{"type":"Feature","properties":{"name":"Tasman-2","id":"1135"},"geometry":{"type":"MultiLineString","coordinates":[[[151.2286,-33.882],[151.8227,-34.5445],[173.8654,-37.3445],[174.7705,-36.8841]]]}},{"type":"Feature","properties":{"name":"TAT-14","id":"1043"},"geometry":{"type":"MultiLineString","coordinates":[[[-74.0471,40.1236],[-69.2933,40.2948],[-57.2686,43.9352],[-0.0168,61.6897],[6.4994,56.7815],[8.3292,55.7517],[7.2018,53.5956],[5.2289,53.6623],[3.9475,52.9393],[4.3966,52.2052],[3.0154,52.0441],[1.4777,50.7843],[0.7085,49.8605],[-2.3856,49.8515],[-5.7245,49.6592],[-6.1202,49.9551],[-4.5444,50.8282]]]}},{"type":"Feature","properties":{"name":"TAT-14","id":"1043"},"geometry":{"type":"MultiLineString","coordinates":[[[-74.3378,39.6039],[-74.0846,39.6907],[-73.9375,39.9422],[-74.0471,40.1236]]]}},{"type":"Feature","properties":{"name":"TAT-14","id":"1043"},"geometry":{"type":"MultiLineString","coordinates":[[[-74.3378,39.6039],[-57.0982,35.2032],[-19.0779,43.7471],[-4.5444,50.8282]]]}},{"type":"Feature","properties":{"name":"Tata TGN-Atlantic","id":"1149"},"geometry":{"type":"MultiLineString","coordinates":[[[-2.9749,51.2224],[-3.9533,51.4233],[-19.227,48.2007],[-57.0495,40.939],[-74.0629,40.1528]]]}},{"type":"Feature","properties":{"name":"Tata TGN-Atlantic","id":"1149"},"geometry":{"type":"MultiLineString","coordinates":[[[-4.2216,51.1199],[-4.277,51.2187],[-3.9283,51.2977],[-2.9749,51.2224]]]}},{"type":"Feature","properties":{"name":"Tata TGN-Atlantic","id":"1149"},"geometry":{"type":"MultiLineString","coordinates":[[[-4.2216,51.1199],[-4.5519,51.1199],[-10.8384,48.6535],[-18.8708,47.0437],[-57.1899,39.3953],[-74.0629,40.1528]]]}},{"type":"Feature","properties":{"name":"Tata TGN-Gulf","id":"1631"},"geometry":{"type":"MultiLineString","coordinates":[[[51.5193,25.2946],[52.6994,26.6938]]]}},{"type":"Feature","properties":{"name":"Tata TGN-Gulf","id":"1631"},"geometry":{"type":"MultiLineString","coordinates":[[[50.576,26.2295],[51.8864,27.1266]]]}},{"type":"Feature","properties":{"name":"Tata TGN-Gulf","id":"1631"},"geometry":{"type":"MultiLineString","coordinates":[[[58.5912,23.6152],[58.8545,24.1962]]]}},{"type":"Feature","properties":{"name":"Tata TGN-Gulf","id":"1631"},"geometry":{"type":"MultiLineString","coordinates":[[[56.3337,25.1217],[56.8551,25.5664]]]}},{"type":"Feature","properties":{"name":"Tata TGN-Gulf","id":"1631"},"geometry":{"type":"MultiLineString","coordinates":[[[55.3086,25.2693],[55.2575,26.0536]]]}},{"type":"Feature","properties":{"name":"Tata TGN-Gulf","id":"1631"},"geometry":{"type":"MultiLineString","coordinates":[[[63.5176,15.7802],[61.5454,23.1846],[58.8545,24.1962],[57.2521,24.7536],[56.8551,25.5664],[56.5396,26.5633],[56.0959,26.5633],[55.2575,26.0536],[53.8041,26.1212],[52.6994,26.6938],[51.8864,27.1266],[51.0495,27.6006],[50.2142,26.2854]]]}},{"type":"Feature","properties":{"name":"Tata TGN-Intra Asia (TGN-IA)","id":"1534"},"geometry":{"type":"MultiLineString","coordinates":[[[104.1826,1.2764],[103.9871,1.3895]]]}},{"type":"Feature","properties":{"name":"Tata TGN-Intra Asia (TGN-IA)","id":"1534"},"geometry":{"type":"MultiLineString","coordinates":[[[120.6786,19.1644],[121.5131,18.4183]]]}},{"type":"Feature","properties":{"name":"Tata TGN-Intra Asia (TGN-IA)","id":"1534"},"geometry":{"type":"MultiLineString","coordinates":[[[115.1545,9.3717],[110.6359,4.2411],[104.3677,1.3105]]]}},{"type":"Feature","properties":{"name":"Tata TGN-Intra Asia (TGN-IA)","id":"1534"},"geometry":{"type":"MultiLineString","coordinates":[[[141.4761,23.3056],[129.6105,21.6795],[125.469,18.8466],[121.2673,19.498],[118.3283,17.8254],[118.0133,15.4532],[117.2692,11.749],[115.1545,9.3717]]]}},{"type":"Feature","properties":{"name":"Tata TGN-Intra Asia (TGN-IA)","id":"1534"},"geometry":{"type":"MultiLineString","coordinates":[[[114.184,22.2496],[118.061,19.9884],[121.5413,19.4496]]]}},{"type":"Feature","properties":{"name":"Tata TGN-Intra Asia (TGN-IA)","id":"1534"},"geometry":{"type":"MultiLineString","coordinates":[[[107.0792,10.3421],[115.1545,9.3717]]]}},{"type":"Feature","properties":{"name":"Tata TGN-Intra Asia (TGN-IA)","id":"1534"},"geometry":{"type":"MultiLineString","coordinates":[[[104.3677,1.3105],[104.1826,1.2764]]]}},{"type":"Feature","properties":{"name":"Tata TGN-Pacific","id":"1155"},"geometry":{"type":"MultiLineString","coordinates":[[[179.9999,44.9569],[157.2194,44.9465],[142.4992,35.5563],[140.0611,35.0623]]]}},{"type":"Feature","properties":{"name":"Tata TGN-Pacific","id":"1155"},"geometry":{"type":"MultiLineString","coordinates":[[[-179.9999,42.8377],[-139.2502,42.8377],[-123.8111,45.8252],[-127.973,44.7828],[-129.057,41.2085],[-123.5006,33.155],[-118.2453,34.0534]]]}},{"type":"Feature","properties":{"name":"Tata TGN-Pacific","id":"1155"},"geometry":{"type":"MultiLineString","coordinates":[[[179.9999,42.8377],[157.2369,42.8354],[139.9765,33.0204],[137.3915,34.7691],[141.4761,23.3056],[144.6947,13.4647]]]}},{"type":"Feature","properties":{"name":"Tata TGN-Pacific","id":"1155"},"geometry":{"type":"MultiLineString","coordinates":[[[-123.8111,45.8252],[-139.2502,44.9465],[-179.9999,44.9465]]]}},{"type":"Feature","properties":{"name":"Tata TGN-Tata Indicom","id":"1252"},"geometry":{"type":"MultiLineString","coordinates":[[[80.243,13.0639],[83.878,11.467],[92.0158,10.9493],[102.9596,1.4018],[103.9198,1.1721]]]}},{"type":"Feature","properties":{"name":"Tata TGN-Tata Indicom","id":"1252"},"geometry":{"type":"MultiLineString","coordinates":[[[103.9198,1.1721],[103.9871,1.3895]]]}},{"type":"Feature","properties":{"name":"Tata TGN-Western Europe","id":"1173"},"geometry":{"type":"MultiLineString","coordinates":[[[-4.2216,51.1199],[-4.5519,51.0847],[-6.4735,50.032],[-2.9492,43.2742]]]}},{"type":"Feature","properties":{"name":"Tata TGN-Western Europe","id":"1173"},"geometry":{"type":"MultiLineString","coordinates":[[[-4.2216,51.1199],[-4.3359,51.2299],[-3.9452,51.3188],[-2.9749,51.2224],[-3.9533,51.3699],[-11.2255,49.5518],[-11.2778,38.2092],[-9.1481,38.7239]]]}},{"type":"Feature","properties":{"name":"TE North/TGN-Eurasia/SEACOM/Alexandros","id":"1573"},"geometry":{"type":"MultiLineString","coordinates":[[[5.3725,43.2936],[8.4411,37.5531],[11.428,37.5352],[13.6948,35.7296],[26.2817,33.8965],[29.7009,31.0723]]]}},{"type":"Feature","properties":{"name":"TE North/TGN-Eurasia/SEACOM/Alexandros","id":"1573"},"geometry":{"type":"MultiLineString","coordinates":[[[26.2817,33.8965],[32.2761,33.0252],[33.6106,34.8273]]]}},{"type":"Feature","properties":{"name":"Telstra Endeavour","id":"1526"},"geometry":{"type":"MultiLineString","coordinates":[[[-179.9999,-20.8455],[-158.1517,21.426]]]}},{"type":"Feature","properties":{"name":"Telstra Endeavour","id":"1526"},"geometry":{"type":"MultiLineString","coordinates":[[[151.2286,-33.882],[179.9999,-20.8317]]]}},{"type":"Feature","properties":{"name":"Thailand-Indonesia-Singapore (TIS)","id":"1238"},"geometry":{"type":"MultiLineString","coordinates":[[[104.1921,1.3026],[103.9871,1.3895],[104.0335,1.2907],[103.9626,1.1347]]]}},{"type":"Feature","properties":{"name":"Thailand-Indonesia-Singapore (TIS)","id":"1238"},"geometry":{"type":"MultiLineString","coordinates":[[[100.5997,7.0759],[103.4252,6.6838],[105.5108,2.6083],[104.3795,1.3433]]]}},{"type":"Feature","properties":{"name":"Thailand-Indonesia-Singapore (TIS)","id":"1238"},"geometry":{"type":"MultiLineString","coordinates":[[[104.3795,1.3433],[104.1921,1.3026]]]}},{"type":"Feature","properties":{"name":"The East African Marine System (TEAMS)","id":"1516"},"geometry":{"type":"MultiLineString","coordinates":[[[39.6729,-4.0529],[43.8352,-3.483],[48.8922,2.6227],[53.1747,11.7704],[64.1107,14.5914],[61.7914,23.3306],[56.3337,25.1217]]]}},{"type":"Feature","properties":{"name":"Tonga Cable","id":"1687"},"geometry":{"type":"MultiLineString","coordinates":[[[-179.9998,-18.8682],[-175.2,-21.1334]]]}},{"type":"Feature","properties":{"name":"Tonga Cable","id":"1687"},"geometry":{"type":"MultiLineString","coordinates":[[[179.9999,-18.8682],[178.4374,-18.1238]]]}},{"type":"Feature","properties":{"name":"Trans-Pacific Express (TPE) Cable System","id":"1513"},"geometry":{"type":"MultiLineString","coordinates":[[[-179.9999,39.1564],[-139.2502,39.1564],[-128.3184,43.5994],[-123.9401,45.644]]]}},{"type":"Feature","properties":{"name":"Trans-Pacific Express (TPE) Cable System","id":"1513"},"geometry":{"type":"MultiLineString","coordinates":[[[126.495,30.4543],[130.6171,29.5001],[135.3587,30.9389]]]}},{"type":"Feature","properties":{"name":"Trans-Pacific Express (TPE) Cable System","id":"1513"},"geometry":{"type":"MultiLineString","coordinates":[[[121.4082,31.619],[122.6775,30.5342],[121.4627,25.1817],[130.9138,31.0101]]]}},{"type":"Feature","properties":{"name":"Trans-Pacific Express (TPE) Cable System","id":"1513"},"geometry":{"type":"MultiLineString","coordinates":[[[139.817,35.0375],[137.1525,31.8803],[134.2903,30.956]]]}},{"type":"Feature","properties":{"name":"Trans-Pacific Express (TPE) Cable System","id":"1513"},"geometry":{"type":"MultiLineString","coordinates":[[[135.3587,30.9389],[127.8624,31.059],[128.6208,34.8808],[127.6809,33.9979],[124.7643,33.9979],[120.3426,36.0873],[126.4954,30.4542]]]}},{"type":"Feature","properties":{"name":"Trans-Pacific Express (TPE) Cable System","id":"1513"},"geometry":{"type":"MultiLineString","coordinates":[[[135.3587,30.9389],[143.2072,33.2729],[157.208,39.1564],[179.9999,39.1559]]]}},{"type":"Feature","properties":{"name":"Trans-Pacific Express (TPE) Cable System","id":"1513"},"geometry":{"type":"MultiLineString","coordinates":[[[121.3953,31.6199],[126.495,30.4543]]]}},{"type":"Feature","properties":{"name":"Transworld (TW1)","id":"1351"},"geometry":{"type":"MultiLineString","coordinates":[[[56.3337,25.1217],[62.5596,24.29],[67.0286,24.8897]]]}},{"type":"Feature","properties":{"name":"Transworld (TW1)","id":"1351"},"geometry":{"type":"MultiLineString","coordinates":[[[58.1762,23.6849],[59.1915,24.7407]]]}},{"type":"Feature","properties":{"name":"Trapani-Kelibia","id":"1555"},"geometry":{"type":"MultiLineString","coordinates":[[[11.0909,36.8498],[11.4411,36.678],[12.173,37.4576],[12.1057,37.8189],[12.5137,38.0182]]]}},{"type":"Feature","properties":{"name":"Turcyos-1","id":"1341"},"geometry":{"type":"MultiLineString","coordinates":[[[34.6334,36.7999],[34.6334,36.6258],[33.2363,35.4762],[33.2363,35.2991]]]}},{"type":"Feature","properties":{"name":"Turcyos-2","id":"1705"},"geometry":{"type":"MultiLineString","coordinates":[[[35.9993,36.0823],[35.7831,36.0823],[34.1132,35.2973],[33.8969,35.2973]]]}},{"type":"Feature","properties":{"name":"UAE-Iran","id":"1308"},"geometry":{"type":"MultiLineString","coordinates":[[[56.3337,25.1217],[57.6036,25.2342],[57.7973,25.6813]]]}},{"type":"Feature","properties":{"name":"UGARIT","id":"1306"},"geometry":{"type":"MultiLineString","coordinates":[[[35.8978,34.8917],[33.6106,34.8273]]]}},{"type":"Feature","properties":{"name":"UK-Channel Islands-7","id":"1703"},"geometry":{"type":"MultiLineString","coordinates":[[[-2.5334,49.5034],[-3.4702,50.2825],[-3.5784,50.3517]]]}},{"type":"Feature","properties":{"name":"UK-Channel Islands-8","id":"1704"},"geometry":{"type":"MultiLineString","coordinates":[[[-2.226,49.2157],[-5.173,50.0225]]]}},{"type":"Feature","properties":{"name":"UK-France 3","id":"1314"},"geometry":{"type":"MultiLineString","coordinates":[[[1.0776,49.9232],[-0.1371,50.8227]]]}},{"type":"Feature","properties":{"name":"UK-Netherlands 14","id":"1365"},"geometry":{"type":"MultiLineString","coordinates":[[[-0.6016,53.6564],[0.2694,53.5553],[3.5371,52.749],[4.6165,52.6166]]]}},{"type":"Feature","properties":{"name":"Ulysses","id":"1343"},"geometry":{"type":"MultiLineString","coordinates":[[[4.6129,52.4609],[1.7293,52.4688]]]}},{"type":"Feature","properties":{"name":"Ulysses","id":"1343"},"geometry":{"type":"MultiLineString","coordinates":[[[1.3177,51.1257],[1.853,50.9531]]]}},{"type":"Feature","properties":{"name":"Unisur","id":"1132"},"geometry":{"type":"MultiLineString","coordinates":[[[-48.5494,-27.597],[-47.923,-27.9973],[-54.2654,-35.4218],[-55.3073,-36.5825],[-56.6954,-36.4709]]]}},{"type":"Feature","properties":{"name":"Unisur","id":"1132"},"geometry":{"type":"MultiLineString","coordinates":[[[-54.2654,-35.4218],[-54.9502,-34.9003]]]}},{"type":"Feature","properties":{"name":"Unity/EAC-Pacific","id":"1525"},"geometry":{"type":"MultiLineString","coordinates":[[[139.9548,34.9766],[143.6822,31.0506],[157.2601,29.5001],[179.9999,29.4969]]]}},{"type":"Feature","properties":{"name":"Unity/EAC-Pacific","id":"1525"},"geometry":{"type":"MultiLineString","coordinates":[[[-179.9999,29.5001],[-139.2502,29.5001],[-118.388,33.8446]]]}},{"type":"Feature","properties":{"name":"Vodafone Malta-Sicily Cable System (VMSCS)","id":"1249"},"geometry":{"type":"MultiLineString","coordinates":[[[15.0674,37.5134],[15.7603,37.0964],[15.1689,36.1634],[14.3801,35.9341]]]}},{"type":"Feature","properties":{"name":"WARF Submarine Cable","id":"1517"},"geometry":{"type":"MultiLineString","coordinates":[[[75.3615,6.6565],[79.8721,6.9271]]]}},{"type":"Feature","properties":{"name":"WARF Submarine Cable","id":"1517"},"geometry":{"type":"MultiLineString","coordinates":[[[76.9702,8.7981],[73.5,4.1667]]]}},{"type":"Feature","properties":{"name":"WASACE Africa","id":"1721"},"geometry":{"type":"MultiLineString","coordinates":[[[3.4235,6.4391],[2.3643,-0.3222]]]}},{"type":"Feature","properties":{"name":"WASACE Africa","id":"1721"},"geometry":{"type":"MultiLineString","coordinates":[[[18.422,-33.919],[16.4954,-34.0537],[6.0668,-24.1518],[6.0668,-13.4122],[5.2738,-10.6449],[2.9681,-2.4764],[2.3643,-0.3222],[-10.6494,-0.3222],[-35.2178,-5.7965]]]}},{"type":"Feature","properties":{"name":"WASACE Africa","id":"1721"},"geometry":{"type":"MultiLineString","coordinates":[[[2.9681,-2.4764],[7.1667,4.4336]]]}},{"type":"Feature","properties":{"name":"WASACE Americas","id":"1720"},"geometry":{"type":"MultiLineString","coordinates":[[[-38.5411,-3.7215],[-35.2181,-4.448]]]}},{"type":"Feature","properties":{"name":"WASACE Americas","id":"1720"},"geometry":{"type":"MultiLineString","coordinates":[[[-35.2178,-5.7965],[-35.2178,-4.4481]]]}},{"type":"Feature","properties":{"name":"WASACE Americas","id":"1720"},"geometry":{"type":"MultiLineString","coordinates":[[[-38.5517,-27.5863],[-43.2096,-22.9035]]]}},{"type":"Feature","properties":{"name":"WASACE Americas","id":"1720"},"geometry":{"type":"MultiLineString","coordinates":[[[-27.6767,-5.794],[-27.6767,-13.1157],[-38.5517,-27.5863],[-46.3407,-23.9701]]]}},{"type":"Feature","properties":{"name":"WASACE Americas","id":"1720"},"geometry":{"type":"MultiLineString","coordinates":[[[-38.5255,-3.7182],[-37.4515,0.7659],[-57.2611,19.741],[-75.9359,26.9415],[-78.8847,26.9415],[-80.089,26.3506]]]}},{"type":"Feature","properties":{"name":"WASACE Americas","id":"1720"},"geometry":{"type":"MultiLineString","coordinates":[[[-35.2109,-5.794],[-27.6767,-5.794]]]}},{"type":"Feature","properties":{"name":"WASACE Europe","id":"1707"},"geometry":{"type":"MultiLineString","coordinates":[[[-75.978,36.8529],[-74.7522,35.2703],[-80.089,26.3506]]]}},{"type":"Feature","properties":{"name":"WASACE Europe","id":"1707"},"geometry":{"type":"MultiLineString","coordinates":[[[-75.978,36.8529],[-57.1971,37.1666],[-18.945,45.0522],[-2.8486,43.9485],[-1.9845,43.3208]]]}},{"type":"Feature","properties":{"name":"West African Cable System (WACS)","id":"1560"},"geometry":{"type":"MultiLineString","coordinates":[[[3.4235,6.4391],[4.2966,0.3603]]]}},{"type":"Feature","properties":{"name":"West African Cable System (WACS)","id":"1560"},"geometry":{"type":"MultiLineString","coordinates":[[[14.5334,-22.6854],[7.5504,-23.0554]]]}},{"type":"Feature","properties":{"name":"West African Cable System (WACS)","id":"1560"},"geometry":{"type":"MultiLineString","coordinates":[[[12.35,-5.9334],[7.5504,-6.9221]]]}},{"type":"Feature","properties":{"name":"West African Cable System (WACS)","id":"1560"},"geometry":{"type":"MultiLineString","coordinates":[[[7.5704,-10.7267],[13.2351,-8.8126]]]}},{"type":"Feature","properties":{"name":"West African Cable System (WACS)","id":"1560"},"geometry":{"type":"MultiLineString","coordinates":[[[7.5776,-4.6284],[11.8637,-4.7788]]]}},{"type":"Feature","properties":{"name":"West African Cable System (WACS)","id":"1560"},"geometry":{"type":"MultiLineString","coordinates":[[[5.2896,0.3603],[9.2087,4.0148]]]}},{"type":"Feature","properties":{"name":"West African Cable System (WACS)","id":"1560"},"geometry":{"type":"MultiLineString","coordinates":[[[7.5582,-18.3666],[7.5704,-10.7267],[7.5504,-6.9221],[7.5776,-4.6284],[7.5791,-3.9727],[5.2896,0.3603],[4.2966,0.3603],[0.7702,0.3603],[-1.1976,0.3603],[-2.4661,0.3603],[-10.7868,0.3603],[-20.6943,14.3627],[-20.6943,15.0666],[-20.6943,20.3044],[-17.096,25.0265],[-17.096,27.6156],[-17.096,29.3923],[-9.1074,38.6427]]]}},{"type":"Feature","properties":{"name":"West African Cable System (WACS)","id":"1560"},"geometry":{"type":"MultiLineString","coordinates":[[[1.2278,6.1262],[0.7702,0.3603]]]}},{"type":"Feature","properties":{"name":"West African Cable System (WACS)","id":"1560"},"geometry":{"type":"MultiLineString","coordinates":[[[18.1556,-33.348],[16.5426,-33.595],[7.5521,-24.1187],[7.5504,-23.0554],[7.5582,-18.3666]]]}},{"type":"Feature","properties":{"name":"West African Cable System (WACS)","id":"1560"},"geometry":{"type":"MultiLineString","coordinates":[[[-4.0262,5.3235],[-2.4661,0.3603]]]}},{"type":"Feature","properties":{"name":"West African Cable System (WACS)","id":"1560"},"geometry":{"type":"MultiLineString","coordinates":[[[-23.5056,14.9353],[-20.6943,15.0666]]]}},{"type":"Feature","properties":{"name":"West African Cable System (WACS)","id":"1560"},"geometry":{"type":"MultiLineString","coordinates":[[[-17.096,27.6156],[-16.132,27.6156],[-15.6999,27.9998]]]}},{"type":"Feature","properties":{"name":"West African Cable System (WACS)","id":"1560"},"geometry":{"type":"MultiLineString","coordinates":[[[-2.9749,51.2224],[-4.4412,51.2892],[-14.9703,48.7428],[-14.9556,37.0252],[-9.1074,38.6427]]]}},{"type":"Feature","properties":{"name":"West African Cable System (WACS)","id":"1560"},"geometry":{"type":"MultiLineString","coordinates":[[[-0.2043,5.5583],[-1.1976,0.3603]]]}},{"type":"Feature","properties":{"name":"Xiamen-Kinmen Undersea Cable","id":"1632"},"geometry":{"type":"MultiLineString","coordinates":[[[118.1891,24.4939],[118.2899,24.4555]]]}},{"type":"Feature","properties":{"name":"Xiamen-Kinmen Undersea Cable","id":"1632"},"geometry":{"type":"MultiLineString","coordinates":[[[118.307,24.4761],[118.3009,24.5567]]]}},{"type":"Feature","properties":{"name":"Yellow","id":"1081"},"geometry":{"type":"MultiLineString","coordinates":[[[-72.9379,40.7559],[-57.1971,37.9406],[-19.1828,45.7124],[-4.5444,50.8282]]]}}]}